TIMESTAMP,INDEX_NAME,OPEN_INDEX_VAL,HIGH_INDEX_VAL,CLOSE_INDEX_VAL,LOW_INDEX_VAL,TRADED_QTY,TURN_OVER
29-01-2020,NIFTY 50,12114.9,12169.6,12129.5,12103.8,514362340,20646.18
30-01-2020,NIFTY 50,12147.75,12150.3,12035.8,12010.6,538138743,19372.67
31-01-2020,NIFTY 50,12100.4,12103.55,11962.1,11945.85,771278258,26044.91
01-02-2020,NIFTY 50,11939.0,12017.35,11661.85,11633.3,537634767,20598.12
03-02-2020,NIFTY 50,11627.45,11749.85,11707.9,11614.5,669815788,25415.26
04-02-2020,NIFTY 50,11786.25,11986.15,11979.65,11783.4,560430291,22338.5
05-02-2020,NIFTY 50,12005.85,12098.15,12089.15,11953.35,758032580,22998.05
06-02-2020,NIFTY 50,12120.0,12160.6,12137.95,12084.65,565116236,21735.92
07-02-2020,NIFTY 50,12151.15,12154.7,12098.35,12073.95,473475144,16339.61
10-02-2020,NIFTY 50,12102.35,12103.55,12031.5,11990.75,525674715,17185.14
11-02-2020,NIFTY 50,12108.4,12172.3,12107.9,12099.0,480491557,16209.52
12-02-2020,NIFTY 50,12151.0,12231.75,12201.2,12144.3,412399174,16598.33
13-02-2020,NIFTY 50,12219.55,12225.65,12174.65,12139.8,501510138,16315.27
14-02-2020,NIFTY 50,12190.15,12246.7,12113.45,12091.2,623053270,20759.51
17-02-2020,NIFTY 50,12131.8,12159.6,12045.8,12037.0,455412408,15439.55
18-02-2020,NIFTY 50,12028.25,12030.75,11992.5,11908.05,677307424,18853.0
19-02-2020,NIFTY 50,12090.6,12134.7,12125.9,12042.1,514030605,17610.89
20-02-2020,NIFTY 50,12119.0,12152.0,12080.85,12071.45,502875583,18831.51
24-02-2020,NIFTY 50,12012.55,12012.55,11829.4,11813.4,491224913,19421.04
25-02-2020,NIFTY 50,11877.5,11883.05,11797.9,11779.9,461349973,18510.82
26-02-2020,NIFTY 50,11738.55,11783.25,11678.5,11639.6,567990976,21887.07
27-02-2020,NIFTY 50,11661.25,11663.85,11633.3,11536.7,609266324,21623.47
28-02-2020,NIFTY 50,11382.0,11384.8,11201.75,11175.05,810523106,32297.15
02-03-2020,NIFTY 50,11387.35,11433.0,11132.75,11036.25,681148567,24204.55
03-03-2020,NIFTY 50,11217.55,11342.25,11303.3,11152.55,696919348,23281.2
04-03-2020,NIFTY 50,11351.35,11356.6,11251.0,11082.15,798021596,26928.46
05-03-2020,NIFTY 50,11306.05,11389.5,11269.0,11244.6,1353209029,26980.65
06-03-2020,NIFTY 50,10942.65,11035.1,10989.45,10827.4,1811564187,26455.29
09-03-2020,NIFTY 50,10742.05,10751.55,10451.45,10294.45,1566119057,35151.79
11-03-2020,NIFTY 50,10334.3,10545.1,10458.4,10334.0,1219079693,32548.47
12-03-2020,NIFTY 50,10039.95,10040.75,9590.15,9508.0,1344263317,39283.97
13-03-2020,NIFTY 50,9107.6,10159.4,9955.2,8555.15,1389061775,44167.89
16-03-2020,NIFTY 50,9587.8,9602.2,9197.4,9165.1,898523271,29181.8
17-03-2020,NIFTY 50,9285.4,9403.8,8967.05,8915.6,936185892,28004.16
18-03-2020,NIFTY 50,9088.45,9127.55,8468.8,8407.05,1517275761,39256.71
19-03-2020,NIFTY 50,8063.3,8575.45,8263.45,7832.55,926508824,34274.23
20-03-2020,NIFTY 50,8284.45,8883.0,8745.45,8178.2,1072263600,37321.25
23-03-2020,NIFTY 50,7945.7,8159.25,7610.25,7583.6,654151814,23891.9
24-03-2020,NIFTY 50,7848.3,8036.95,7801.05,7511.1,739354439,28282.09
25-03-2020,NIFTY 50,7735.15,8376.75,8317.85,7714.75,738114713,28482.01
26-03-2020,NIFTY 50,8451.0,8749.05,8641.45,8304.9,866534643,32228.31
27-03-2020,NIFTY 50,8949.1,9038.9,8660.25,8522.9,801923401,31336.86
30-03-2020,NIFTY 50,8385.95,8576.0,8281.1,8244.0,593953051,24724.44
31-03-2020,NIFTY 50,8529.35,8678.3,8597.75,8358.0,713390935,27401.3
01-04-2020,NIFTY 50,8584.1,8588.1,8253.8,8198.35,507509685,21307.3
03-04-2020,NIFTY 50,8356.55,8356.55,8083.8,8055.8,697752438,26561.18
07-04-2020,NIFTY 50,8446.3,8819.4,8792.2,8360.95,815245226,35206.69
08-04-2020,NIFTY 50,8688.9,9131.7,8748.75,8653.9,897562690,37641.68
09-04-2020,NIFTY 50,8973.05,9128.35,9111.9,8904.55,743036134,32907.82
13-04-2020,NIFTY 50,9103.95,9112.05,8993.85,8912.4,644468815,26749.06
15-04-2020,NIFTY 50,9196.4,9261.2,8925.3,8874.1,880159358,41878.64
16-04-2020,NIFTY 50,8851.25,9053.75,8992.8,8821.9,720116479,31318.29
17-04-2020,NIFTY 50,9323.45,9324.0,9266.75,9091.35,684910520,33334.73
20-04-2020,NIFTY 50,9390.2,9390.85,9261.85,9230.8,726364699,28620.91
21-04-2020,NIFTY 50,9016.95,9044.4,8981.45,8909.4,655122903,28273.89
22-04-2020,NIFTY 50,9026.75,9209.75,9187.3,8946.25,734383388,33981.82
23-04-2020,NIFTY 50,9232.35,9343.6,9313.9,9170.15,666650462,30270.55
24-04-2020,NIFTY 50,9163.9,9296.9,9154.4,9141.3,659439249,32859.05
27-04-2020,NIFTY 50,9259.7,9377.1,9282.3,9250.35,512793298,26696.54
28-04-2020,NIFTY 50,9389.8,9404.4,9380.9,9260.0,614548983,30091.41
29-04-2020,NIFTY 50,9408.6,9599.85,9553.35,9392.35,653026950,31673.23
30-04-2020,NIFTY 50,9753.5,9889.05,9859.9,9731.5,931173802,39332.46
04-05-2020,NIFTY 50,9533.5,9533.5,9293.5,9266.95,687487134,29785.95
05-05-2020,NIFTY 50,9429.4,9450.9,9205.6,9190.75,725196178,29700.2
06-05-2020,NIFTY 50,9226.8,9346.9,9270.9,9116.5,722185448,30798.1
07-05-2020,NIFTY 50,9234.05,9277.85,9199.05,9175.9,708740416,59705.53
08-05-2020,NIFTY 50,9376.95,9382.65,9251.5,9238.2,609053504,30743.45
11-05-2020,NIFTY 50,9348.15,9439.9,9239.2,9219.95,704647074,31048.47
12-05-2020,NIFTY 50,9168.85,9240.85,9196.55,9043.95,805458787,37706.27
13-05-2020,NIFTY 50,9584.2,9584.5,9383.55,9351.1,846395245,36488.9
14-05-2020,NIFTY 50,9213.95,9281.1,9142.75,9119.75,602555564,29541.59
15-05-2020,NIFTY 50,9182.4,9182.4,9136.85,9050.0,575857112,25847.33
18-05-2020,NIFTY 50,9158.3,9158.3,8823.25,8806.75,772983297,33347.46
19-05-2020,NIFTY 50,8961.7,9030.35,8879.1,8855.3,762152894,32026.94
20-05-2020,NIFTY 50,8889.15,9093.8,9066.55,8875.35,622308140,30721.99
21-05-2020,NIFTY 50,9079.45,9178.55,9106.25,9056.1,631542699,28303.51
22-05-2020,NIFTY 50,9067.9,9149.6,9039.25,8968.55,675759336,31625.47
26-05-2020,NIFTY 50,9099.75,9161.65,9029.05,8996.65,654959960,30871.59
27-05-2020,NIFTY 50,9082.2,9334.0,9314.95,9004.25,763492487,34603.88
28-05-2020,NIFTY 50,9364.95,9511.25,9490.1,9336.5,837911425,37761.91
29-05-2020,NIFTY 50,9422.2,9598.85,9580.3,9376.9,967005438,45006.25
01-06-2020,NIFTY 50,9726.85,9931.6,9826.15,9706.95,794183122,38096.92
02-06-2020,NIFTY 50,9880.85,9995.6,9979.1,9824.05,770192848,36723.11
03-06-2020,NIFTY 50,10108.3,10176.2,10061.55,10035.55,794664422,38343.61
04-06-2020,NIFTY 50,10054.25,10123.85,10029.1,9944.25,775106567,36399.04
05-06-2020,NIFTY 50,10093.8,10177.8,10142.15,10040.75,987122302,37824.63
08-06-2020,NIFTY 50,10326.75,10328.5,10167.45,10120.25,936485541,37819.06
09-06-2020,NIFTY 50,10181.15,10291.15,10046.65,10021.45,754217460,36201.05
10-06-2020,NIFTY 50,10072.6,10148.75,10116.15,10036.85,632383068,28485.47
11-06-2020,NIFTY 50,10094.1,10112.05,9902.0,9885.05,715453486,30813.85
12-06-2020,NIFTY 50,9544.95,9996.05,9972.9,9544.35,796306399,36505.77
15-06-2020,NIFTY 50,9919.35,9943.35,9813.7,9726.35,716053036,31926.65
16-06-2020,NIFTY 50,10014.8,10046.15,9914.0,9728.5,899895044,36257.89
17-06-2020,NIFTY 50,9876.7,10003.6,9881.15,9833.8,685418390,30700.69
18-06-2020,NIFTY 50,9863.25,10111.2,10091.65,9845.05,622895963,28594.32
19-06-2020,NIFTY 50,10119.0,10272.4,10244.4,10072.65,892096343,48103.56
22-06-2020,NIFTY 50,10318.75,10393.65,10311.2,10277.6,685385093,35529.8
23-06-2020,NIFTY 50,10347.95,10484.7,10471.0,10301.75,669195109,34148.13
24-06-2020,NIFTY 50,10529.25,10553.15,10305.3,10281.95,854799801,41394.45
25-06-2020,NIFTY 50,10235.55,10361.8,10288.9,10194.5,994190886,41726.07
26-06-2020,NIFTY 50,10378.9,10409.85,10383.0,10311.25,671910159,31841.68
29-06-2020,NIFTY 50,10311.95,10337.95,10312.4,10223.6,574544482,27019.46
30-06-2020,NIFTY 50,10382.6,10401.05,10302.1,10267.35,556238560,27342.55
01-07-2020,NIFTY 50,10323.8,10447.05,10430.05,10299.6,573550127,28736.28
02-07-2020,NIFTY 50,10493.05,10598.2,10551.7,10485.55,597423931,31235.17
03-07-2020,NIFTY 50,10614.95,10631.3,10607.35,10562.65,525190704,25186.39
06-07-2020,NIFTY 50,10723.85,10811.4,10763.65,10695.1,571212914,29857.54
07-07-2020,NIFTY 50,10802.85,10813.8,10799.65,10689.7,636764929,36502.37
08-07-2020,NIFTY 50,10818.65,10847.85,10705.75,10676.55,767941333,37676.34
09-07-2020,NIFTY 50,10755.55,10836.85,10813.45,10733.0,618652409,31315.87
10-07-2020,NIFTY 50,10764.1,10819.4,10768.05,10713.0,590705425,31557.58
13-07-2020,NIFTY 50,10851.85,10894.05,10802.7,10756.05,554050579,30606.3
14-07-2020,NIFTY 50,10750.85,10755.65,10607.35,10562.9,532368699,30902.47
21-07-2020,NIFTY 50,11126.1,11179.55,11162.25,11113.25,771998838,42461.89
22-07-2020,NIFTY 50,11231.2,11238.1,11132.6,11056.55,765074288,41068.72
23-07-2020,NIFTY 50,11135.0,11239.8,11215.45,11103.15,621575333,32744.93
24-07-2020,NIFTY 50,11149.95,11225.4,11194.15,11090.3,678935175,40217.17
27-07-2020,NIFTY 50,11225.0,11225.0,11131.8,11087.85,588148687,34539.73
28-07-2020,NIFTY 50,11154.1,11317.75,11300.55,11151.4,683891350,38677.47
29-07-2020,NIFTY 50,11276.9,11341.4,11202.85,11149.75,600726301,38726.02
30-07-2020,NIFTY 50,11254.3,11299.95,11102.15,11084.95,677761342,39150.44
31-07-2020,NIFTY 50,11139.5,11150.4,11073.45,11026.65,642560311,36220.09
03-08-2020,NIFTY 50,11057.55,11058.05,10891.6,10882.25,680929323,31149.94
04-08-2020,NIFTY 50,10946.65,11112.25,11095.25,10908.1,625738313,35357.96
05-08-2020,NIFTY 50,11155.75,11225.65,11101.65,11064.05,667639446,34894.58
06-08-2020,NIFTY 50,11185.7,11256.8,11200.15,11127.3,600374615,31501.08
07-08-2020,NIFTY 50,11186.65,11231.9,11214.05,11142.05,452629891,27054.43
10-08-2020,NIFTY 50,11270.25,11337.3,11270.15,11238.0,491999534,29108.25
11-08-2020,NIFTY 50,11322.25,11373.6,11322.5,11299.15,586084846,30314.89
12-08-2020,NIFTY 50,11289.0,11322.0,11308.4,11242.65,609858960,28088.09
13-08-2020,NIFTY 50,11334.85,11359.3,11300.45,11269.95,562355175,26500.52
14-08-2020,NIFTY 50,11353.3,11366.25,11178.4,11111.45,645109756,31059.23
17-08-2020,NIFTY 50,11248.9,11267.1,11247.1,11144.5,633963958,27468.67
18-08-2020,NIFTY 50,11259.8,11401.7,11385.35,11253.15,579242492,27267.51
19-08-2020,NIFTY 50,11452.15,11460.35,11408.4,11394.1,626217997,27528.12
20-08-2020,NIFTY 50,11317.45,11361.45,11312.2,11289.8,791587770,27676.18
21-08-2020,NIFTY 50,11409.65,11418.5,11371.6,11362.2,668719170,26294.26
24-08-2020,NIFTY 50,11412.0,11497.25,11466.45,11410.65,532900535,28920.84
25-08-2020,NIFTY 50,11513.1,11525.9,11472.25,11423.35,638152608,28742.82
26-08-2020,NIFTY 50,11512.85,11561.75,11549.6,11461.85,743442521,34852.01
27-08-2020,NIFTY 50,11609.3,11617.35,11559.25,11540.6,719776490,31580.61
28-08-2020,NIFTY 50,11602.95,11686.05,11647.6,11589.4,806997707,39349.92
31-08-2020,NIFTY 50,11777.55,11794.25,11387.5,11325.85,1371789450,61668.55
01-09-2020,NIFTY 50,11464.3,11553.55,11470.25,11366.9,783769555,36752.54
02-09-2020,NIFTY 50,11478.55,11554.75,11535.0,11430.4,593494423,27454.65
03-09-2020,NIFTY 50,11566.2,11584.95,11527.45,11507.65,607115212,26868.26
04-09-2020,NIFTY 50,11354.4,11452.05,11333.85,11303.65,681338905,31746.86
07-09-2020,NIFTY 50,11359.6,11381.15,11355.05,11251.7,560322964,25959.82
08-09-2020,NIFTY 50,11378.55,11437.25,11317.35,11290.45,572239350,27979.7
09-09-2020,NIFTY 50,11218.6,11298.15,11278.0,11185.15,728880693,32660.67
10-09-2020,NIFTY 50,11363.3,11464.05,11449.25,11327.4,679419973,39239.1
11-09-2020,NIFTY 50,11447.8,11493.5,11464.45,11419.9,554789157,29614.09
14-09-2020,NIFTY 50,11540.15,11568.9,11440.05,11383.55,642270123,33996.94
15-09-2020,NIFTY 50,11487.2,11535.95,11521.8,11442.25,506667239,28054.51
16-09-2020,NIFTY 50,11538.45,11618.1,11604.55,11516.75,527804775,27629.71
17-09-2020,NIFTY 50,11539.4,11587.2,11516.1,11498.5,517729494,29674.95
18-09-2020,NIFTY 50,11584.1,11584.1,11504.95,11446.1,764154094,48698.68
21-09-2020,NIFTY 50,11503.8,11535.25,11250.55,11218.5,602851737,37213.23
22-09-2020,NIFTY 50,11301.75,11302.2,11153.65,11084.65,672249921,36296.49
23-09-2020,NIFTY 50,11258.75,11259.55,11131.85,11024.4,714925847,35542.98
24-09-2020,NIFTY 50,11011.0,11015.3,10805.55,10790.2,706139506,33623.71
25-09-2020,NIFTY 50,10910.4,11072.6,11050.25,10854.85,559597322,31122.18
28-09-2020,NIFTY 50,11140.85,11239.35,11227.55,11099.85,472777324,24361.17
29-09-2020,NIFTY 50,11288.6,11305.4,11222.4,11181.0,498295735,26875.14
30-09-2020,NIFTY 50,11244.45,11295.4,11247.55,11184.55,499343849,28134.77
01-01-2020,NIFTY 50,12202.15,12222.2,12182.5,12165.3,304078039,10445.68
02-01-2020,NIFTY 50,12198.55,12289.9,12282.2,12195.25,407697594,15256.55
03-01-2020,NIFTY 50,12261.1,12265.6,12226.65,12191.35,428770054,16827.27
06-01-2020,NIFTY 50,12170.6,12179.1,11993.05,11974.2,396501419,16869.22
07-01-2020,NIFTY 50,12079.1,12152.15,12052.95,12005.35,447818617,17797.68
08-01-2020,NIFTY 50,11939.1,12044.95,12025.35,11929.6,445991640,18281.15
09-01-2020,NIFTY 50,12153.15,12224.05,12215.9,12132.55,477469878,18456.64
10-01-2020,NIFTY 50,12271.0,12311.2,12256.8,12213.2,660627930,18818.62
13-01-2020,NIFTY 50,12296.7,12337.75,12329.55,12285.8,500968242,17522.13
14-01-2020,NIFTY 50,12333.1,12374.25,12362.3,12308.7,616260555,17948.92
15-01-2020,NIFTY 50,12349.4,12355.15,12343.3,12278.75,684352965,17882.51
16-01-2020,NIFTY 50,12347.1,12389.05,12355.5,12315.8,395670245,16004.06
17-01-2020,NIFTY 50,12328.4,12385.45,12352.35,12321.4,502060615,21397.63
20-01-2020,NIFTY 50,12430.5,12430.5,12224.55,12216.9,491609317,21415.43
21-01-2020,NIFTY 50,12195.3,12230.05,12169.85,12162.3,443976442,18682.65
22-01-2020,NIFTY 50,12218.35,12225.05,12106.9,12087.9,526294513,19758.68
23-01-2020,NIFTY 50,12123.75,12189.0,12180.35,12094.1,867653663,23829.39
24-01-2020,NIFTY 50,12174.55,12272.15,12248.25,12149.65,593237908,18032.27
27-01-2020,NIFTY 50,12197.1,12216.6,12119.0,12107.0,441158138,17988.61
28-01-2020,NIFTY 50,12148.1,12163.55,12055.8,12024.5,478484057,20917.62
01-10-2020,NIFTY 50,11364.45,11428.6,11416.95,11347.05,447740006,26212.72
05-10-2020,NIFTY 50,11487.8,11578.05,11503.35,11452.3,530597393,31341.55
06-10-2020,NIFTY 50,11603.45,11680.3,11662.4,11564.3,561444728,30373.65
07-10-2020,NIFTY 50,11679.25,11763.05,11738.85,11629.35,513367516,32935.98
08-10-2020,NIFTY 50,11835.4,11905.7,11834.6,11791.15,608768573,38677.49
09-10-2020,NIFTY 50,11852.05,11938.6,11914.2,11805.2,611079482,34546.8
12-10-2020,NIFTY 50,11973.55,12022.05,11930.95,11867.2,522627571,26586.47
13-10-2020,NIFTY 50,11934.65,11988.2,11934.5,11888.9,458304851,29403.22
14-10-2020,NIFTY 50,11917.4,11997.2,11971.05,11822.15,569245407,29940.62
15-10-2020,NIFTY 50,12023.45,12025.45,11680.35,11661.3,608865041,35175.92
16-10-2020,NIFTY 50,11727.4,11789.75,11762.45,11667.85,555764762,30439.19
19-10-2020,NIFTY 50,11879.2,11898.25,11873.05,11820.4,541420990,29888.6
20-10-2020,NIFTY 50,11861.0,11949.25,11896.8,11837.25,453560934,28367.34
21-10-2020,NIFTY 50,11958.55,12018.65,11937.65,11775.75,623658140,37477.13
22-10-2020,NIFTY 50,11890.0,11939.55,11896.45,11823.45,544901152,33013.17
23-10-2020,NIFTY 50,11957.9,11974.55,11930.35,11908.75,502340361,27424.61
26-10-2020,NIFTY 50,11937.4,11942.85,11767.75,11711.7,519815905,29316.02
27-10-2020,NIFTY 50,11807.1,11899.05,11889.4,11723.0,616318543,37989.97
28-10-2020,NIFTY 50,11922.6,11929.4,11729.6,11684.85,704018608,37025.89
29-10-2020,NIFTY 50,11633.3,11744.15,11670.8,11606.45,554959844,30436.62
30-10-2020,NIFTY 50,11678.45,11748.95,11642.4,11535.45,553672805,28151.58
02-11-2020,NIFTY 50,11697.35,11725.65,11669.15,11557.4,568434165,35714.57
03-11-2020,NIFTY 50,11734.45,11836.2,11813.5,11723.3,674303605,36363.95
04-11-2020,NIFTY 50,11783.35,11929.65,11908.5,11756.4,667290347,38552.09
05-11-2020,NIFTY 50,12062.4,12131.1,12120.3,12027.6,632455414,32311.46
06-11-2020,NIFTY 50,12156.65,12280.4,12263.55,12131.85,576837602,34965.94
09-11-2020,NIFTY 50,12399.4,12474.05,12461.05,12367.35,553449924,34255.11
10-11-2020,NIFTY 50,12556.4,12643.9,12631.1,12475.25,847450692,51247.01
11-11-2020,NIFTY 50,12680.6,12769.75,12749.15,12571.1,880475468,54744.55
12-11-2020,NIFTY 50,12702.15,12741.15,12690.8,12624.85,622017762,36794.24
13-11-2020,NIFTY 50,12659.7,12735.95,12719.95,12607.7,513948665,34568.65
14-11-2020,NIFTY 50,12823.35,12828.7,12780.25,12749.45,107868139,5189.38
17-11-2020,NIFTY 50,12932.5,12934.05,12874.2,12797.1,707676873,40977.03
18-11-2020,NIFTY 50,12860.1,12948.85,12938.25,12819.35,731321438,39856.45
19-11-2020,NIFTY 50,12839.5,12963.0,12771.7,12745.75,768751782,44747.08
20-11-2020,NIFTY 50,12813.4,12892.45,12859.05,12730.25,663997267,42992.15
23-11-2020,NIFTY 50,12960.3,12968.85,12926.45,12825.7,633117401,42031.38
24-11-2020,NIFTY 50,13002.6,13079.1,13055.15,12978.0,571864976,37094.23
25-11-2020,NIFTY 50,13130.0,13145.85,12858.4,12833.65,679005507,37401.36
26-11-2020,NIFTY 50,12906.45,13018.0,12987.0,12790.4,549798925,34624.15
27-11-2020,NIFTY 50,13012.05,13035.3,12968.95,12914.3,1162360673,78522.93
01-12-2020,NIFTY 50,13062.2,13128.4,13109.05,12962.8,583633902,32917.26
02-12-2020,NIFTY 50,13121.4,13128.5,13113.75,12983.55,717711761,34008.74
03-12-2020,NIFTY 50,13215.3,13216.6,13133.9,13107.9,713688035,39627.71
04-12-2020,NIFTY 50,13177.4,13280.05,13258.55,13152.85,640514315,36428.05
07-12-2020,NIFTY 50,13264.85,13366.65,13355.75,13241.95,591722966,33578.64
08-12-2020,NIFTY 50,13393.85,13435.45,13392.95,13311.05,543165361,33755.81
09-12-2020,NIFTY 50,13458.1,13548.9,13529.1,13449.6,502605319,28726.97
10-12-2020,NIFTY 50,13488.5,13503.55,13478.3,13399.3,553402501,30400.2
11-12-2020,NIFTY 50,13512.3,13579.35,13513.85,13402.85,787707481,33696.57
14-12-2020,NIFTY 50,13571.45,13597.5,13558.15,13472.45,558390043,28133.58
15-12-2020,NIFTY 50,13547.2,13589.65,13567.85,13447.05,497600393,30828.33
16-12-2020,NIFTY 50,13663.1,13692.35,13682.7,13606.45,462151091,27460.18
17-12-2020,NIFTY 50,13713.55,13773.25,13740.7,13673.55,416008520,27712.93
18-12-2020,NIFTY 50,13764.4,13772.85,13760.55,13658.6,519393189,34803.3
21-12-2020,NIFTY 50,13741.9,13777.5,13328.4,13131.45,687255400,38243.62
22-12-2020,NIFTY 50,13373.65,13492.05,13466.3,13192.9,696197300,36328.33
23-12-2020,NIFTY 50,13473.5,13619.45,13601.1,13432.2,458651819,27073.45
24-12-2020,NIFTY 50,13672.15,13771.75,13749.25,13626.9,471367730,24764.35
28-12-2020,NIFTY 50,13815.15,13885.3,13873.2,13811.55,403634030,20923.06
29-12-2020,NIFTY 50,13910.35,13967.6,13932.6,13859.9,439593961,25154.23
30-12-2020,NIFTY 50,13980.9,13997.0,13981.95,13864.95,380681073,24633.12
15-07-2020,NIFTY 50,10701.0,10827.45,10618.2,10577.75,715901258,42376.03
16-07-2020,NIFTY 50,10706.2,10755.3,10739.95,10595.2,694402635,41453.95
17-07-2020,NIFTY 50,10752.0,10933.45,10901.7,10749.65,676881092,35592.83
20-07-2020,NIFTY 50,10999.45,11037.9,11022.2,10953.0,554306867,32738.64
08-01-2021,NIFTY 50,14258.4,14367.3,14347.25,14221.65,613472067,37615.19
11-01-2021,NIFTY 50,14474.05,14498.2,14484.75,14383.1,672878543,40186.21
12-01-2021,NIFTY 50,14473.8,14590.65,14563.45,14432.85,929566952,44976.12
13-01-2021,NIFTY 50,14639.8,14653.35,14564.85,14435.7,873956688,44682.93
14-01-2021,NIFTY 50,14550.05,14617.8,14595.6,14471.5,620194977,37534.37
15-01-2021,NIFTY 50,14594.35,14617.45,14433.7,14357.85,789557216,39912.18
18-01-2021,NIFTY 50,14453.3,14459.15,14281.3,14222.8,762043554,41716.22
19-01-2021,NIFTY 50,14371.65,14546.05,14521.15,14350.85,546108304,33084.79
20-01-2021,NIFTY 50,14538.3,14666.45,14644.7,14517.55,623069963,34639.36
21-01-2021,NIFTY 50,14730.95,14753.55,14590.35,14517.25,704646957,41939.04
22-01-2021,NIFTY 50,14583.4,14619.9,14371.9,14357.75,776750347,45322.54
25-01-2021,NIFTY 50,14477.8,14491.1,14238.9,14218.6,618631493,42278.39
27-01-2021,NIFTY 50,14237.95,14237.95,13967.5,13929.3,660711117,40579.24
28-01-2021,NIFTY 50,13810.4,13898.25,13817.55,13713.25,637871621,39881.82
29-01-2021,NIFTY 50,13946.6,13966.85,13634.6,13596.75,753206122,46918.29
01-02-2021,NIFTY 50,13758.6,14336.35,14281.2,13661.75,870529495,51840.22
02-02-2021,NIFTY 50,14481.1,14731.7,14647.85,14469.15,914965225,58177.74
03-02-2021,NIFTY 50,14754.9,14868.85,14789.95,14574.15,869477087,49312.35
04-02-2021,NIFTY 50,14789.05,14913.7,14895.65,14714.75,884686415,47811.8
05-02-2021,NIFTY 50,14952.6,15014.65,14924.25,14864.75,935629058,54394.63
08-02-2021,NIFTY 50,15064.3,15159.9,15115.8,15041.05,671242694,40483.96
09-02-2021,NIFTY 50,15164.15,15257.1,15109.3,15064.3,713279133,41930.72
10-02-2021,NIFTY 50,15119.05,15168.25,15106.5,14977.2,624791133,40707.97
11-02-2021,NIFTY 50,15073.25,15188.5,15173.3,15065.4,500122414,30933.44
12-02-2021,NIFTY 50,15186.2,15243.5,15163.3,15081.0,571808807,32304.24
15-02-2021,NIFTY 50,15270.3,15340.15,15314.7,15243.4,455959720,28955.29
16-02-2021,NIFTY 50,15371.45,15431.75,15313.45,15242.2,648545320,36550.03
17-02-2021,NIFTY 50,15279.9,15314.3,15208.9,15170.75,504767226,34073.12
18-02-2021,NIFTY 50,15238.7,15250.75,15118.95,15078.05,770629541,37093.99
19-02-2021,NIFTY 50,15074.8,15144.05,14981.75,14898.2,712213821,37419.34
22-02-2021,NIFTY 50,14999.05,15010.1,14675.7,14635.05,609898454,37578.07
23-02-2021,NIFTY 50,14782.25,14854.5,14707.8,14651.85,744092809,39508.09
24-02-2021,NIFTY 50,14729.15,15008.8,14982.0,14723.05,403754669,23723.99
25-02-2021,NIFTY 50,15079.85,15176.5,15097.35,15065.35,803883875,42983.07
26-02-2021,NIFTY 50,14888.6,14919.45,14529.15,14467.75,1103644519,65012.96
01-03-2021,NIFTY 50,14702.5,14806.8,14761.55,14638.55,507302977,30030.57
02-03-2021,NIFTY 50,14865.3,14959.1,14919.1,14760.8,621723916,34647.26
03-03-2021,NIFTY 50,15064.4,15273.15,15245.6,14995.8,544205583,34567.73
04-03-2021,NIFTY 50,15026.75,15202.35,15080.75,14980.2,534850447,36036.02
05-03-2021,NIFTY 50,14977.95,15092.35,14938.1,14862.1,640700362,37811.6
08-03-2021,NIFTY 50,15002.45,15111.15,14956.2,14919.9,580308065,29518.07
09-03-2021,NIFTY 50,15049.9,15126.85,15098.4,14925.45,675271251,38365.48
10-03-2021,NIFTY 50,15202.15,15218.45,15174.8,15100.85,404585756,25603.32
12-03-2021,NIFTY 50,15321.15,15336.3,15030.95,14953.6,493238854,32195.96
15-03-2021,NIFTY 50,15048.4,15048.4,14929.5,14745.85,467473367,28118.0
16-03-2021,NIFTY 50,14996.1,15051.6,14910.45,14890.65,437651327,27975.07
17-03-2021,NIFTY 50,14946.55,14956.55,14721.3,14696.05,479352147,27983.5
18-03-2021,NIFTY 50,14855.5,14875.2,14557.85,14478.6,542216908,31339.71
19-03-2021,NIFTY 50,14471.15,14788.25,14744.0,14350.1,919178208,49011.27
22-03-2021,NIFTY 50,14736.3,14763.9,14736.4,14597.85,458997059,27345.02
23-03-2021,NIFTY 50,14768.55,14878.6,14814.75,14707.0,474150088,30322.09
24-03-2021,NIFTY 50,14712.45,14752.35,14549.4,14535.0,456403503,27868.93
25-03-2021,NIFTY 50,14570.9,14575.6,14324.9,14264.4,606820996,35350.22
26-03-2021,NIFTY 50,14506.3,14572.9,14507.3,14414.25,481000845,29423.45
30-03-2021,NIFTY 50,14628.5,14876.3,14845.1,14617.6,594520567,35117.93
31-03-2021,NIFTY 50,14811.85,14813.75,14690.7,14670.25,436874691,29741.83
01-04-2021,NIFTY 50,14798.4,14883.2,14867.35,14692.45,430028476,29585.23
05-04-2021,NIFTY 50,14837.7,14849.85,14637.8,14459.5,500476690,33885.39
06-04-2021,NIFTY 50,14737.0,14779.1,14683.5,14573.9,474211156,31885.97
07-04-2021,NIFTY 50,14716.45,14879.8,14819.05,14649.85,476382016,35184.96
08-04-2021,NIFTY 50,14875.65,14984.15,14873.8,14821.1,503728173,34444.56
09-04-2021,NIFTY 50,14882.65,14918.45,14834.85,14785.65,498347599,35010.36
12-04-2021,NIFTY 50,14644.65,14652.5,14310.8,14248.7,638475842,43433.24
13-04-2021,NIFTY 50,14364.9,14528.9,14504.8,14274.9,588666016,40846.57
15-04-2021,NIFTY 50,14522.4,14597.55,14581.45,14353.2,556851211,40177.25
16-04-2021,NIFTY 50,14599.6,14697.7,14617.85,14559.0,568568743,36653.65
19-04-2021,NIFTY 50,14306.6,14382.3,14359.45,14191.4,503142904,34751.95
20-04-2021,NIFTY 50,14526.7,14526.95,14296.4,14207.3,456704716,34687.11
22-04-2021,NIFTY 50,14219.15,14424.75,14406.15,14151.4,516985252,37235.71
23-04-2021,NIFTY 50,14326.35,14461.15,14341.35,14273.3,476613608,31894.66
26-04-2021,NIFTY 50,14449.45,14557.5,14485.0,14421.3,448533329,33156.16
27-04-2021,NIFTY 50,14493.8,14667.55,14653.05,14484.85,442211685,32181.14
28-04-2021,NIFTY 50,14710.5,14890.25,14864.55,14694.95,453990807,37650.11
29-04-2021,NIFTY 50,14979.0,15044.35,14894.9,14814.45,511466673,41597.37
30-04-2021,NIFTY 50,14747.35,14855.45,14631.1,14601.7,594744498,40335.86
03-05-2021,NIFTY 50,14481.05,14673.85,14634.15,14416.25,443410846,32538.97
04-05-2021,NIFTY 50,14687.25,14723.4,14496.5,14461.5,479657079,34024.77
05-05-2021,NIFTY 50,14604.15,14637.9,14617.85,14506.6,437261063,28942.47
06-05-2021,NIFTY 50,14668.35,14743.9,14724.8,14611.5,445281496,31015.95
07-05-2021,NIFTY 50,14816.85,14863.05,14823.15,14765.5,483677266,33583.37
10-05-2021,NIFTY 50,14928.25,14966.9,14942.35,14892.5,510598577,31620.64
11-05-2021,NIFTY 50,14789.7,14900.0,14850.75,14771.4,616204478,32955.82
12-05-2021,NIFTY 50,14823.55,14824.05,14696.5,14649.7,620318215,32035.23
14-05-2021,NIFTY 50,14749.4,14749.65,14677.8,14591.9,602738614,39176.28
17-05-2021,NIFTY 50,14756.25,14938.0,14923.15,14725.35,534516176,35571.28
18-05-2021,NIFTY 50,15067.2,15137.25,15108.1,15043.7,571923125,35634.73
19-05-2021,NIFTY 50,15058.6,15133.4,15030.15,15008.85,563293717,31100.21
20-05-2021,NIFTY 50,15042.6,15069.8,14906.05,14884.9,467455658,28002.53
21-05-2021,NIFTY 50,14987.8,15190.0,15175.3,14985.85,557730470,31921.76
24-05-2021,NIFTY 50,15211.35,15256.25,15197.7,15145.45,566722866,32061.04
25-05-2021,NIFTY 50,15291.75,15293.85,15208.45,15163.4,417323446,26871.99
26-05-2021,NIFTY 50,15257.05,15319.9,15301.45,15194.95,377682051,26187.83
27-05-2021,NIFTY 50,15323.95,15384.55,15337.85,15272.5,682374351,48219.93
28-05-2021,NIFTY 50,15421.2,15469.65,15435.65,15394.75,455582440,32992.08
31-05-2021,NIFTY 50,15437.75,15606.35,15582.8,15374.0,435999456,32739.29
01-06-2021,NIFTY 50,15629.65,15660.75,15574.85,15528.3,409562322,27964.09
02-06-2021,NIFTY 50,15520.35,15597.45,15576.2,15459.85,428641666,28781.87
03-06-2021,NIFTY 50,15655.55,15705.1,15690.35,15611.0,410240584,27519.48
04-06-2021,NIFTY 50,15712.5,15733.6,15670.25,15622.35,414162241,25363.03
07-06-2021,NIFTY 50,15725.1,15773.45,15751.65,15678.1,393970049,25411.48
08-06-2021,NIFTY 50,15773.9,15778.8,15740.1,15680.0,378164658,24172.13
09-06-2021,NIFTY 50,15766.3,15800.45,15635.35,15566.9,457855735,26926.49
10-06-2021,NIFTY 50,15692.1,15751.25,15737.75,15648.5,298297041,23032.9
11-06-2021,NIFTY 50,15796.45,15835.55,15799.35,15749.8,363011297,24591.69
14-06-2021,NIFTY 50,15791.4,15823.05,15811.85,15606.5,392862037,28001.5
15-06-2021,NIFTY 50,15866.95,15901.6,15869.25,15842.4,323262818,22181.26
16-06-2021,NIFTY 50,15847.5,15880.85,15767.55,15742.6,340191175,22505.95
17-06-2021,NIFTY 50,15648.3,15769.35,15691.4,15616.75,357649243,26048.47
18-06-2021,NIFTY 50,15756.5,15761.5,15683.35,15450.9,640821642,42024.55
21-06-2021,NIFTY 50,15525.85,15765.15,15746.5,15505.65,351530072,22525.89
22-06-2021,NIFTY 50,15840.5,15895.75,15772.75,15752.1,322237561,24440.47
23-06-2021,NIFTY 50,15862.8,15862.95,15686.95,15673.95,287536735,23222.94
24-06-2021,NIFTY 50,15737.3,15821.4,15790.45,15702.7,316662241,29623.58
25-06-2021,NIFTY 50,15839.35,15870.8,15860.35,15772.3,314614380,26933.22
28-06-2021,NIFTY 50,15915.35,15915.65,15814.7,15792.15,255099272,18713.41
29-06-2021,NIFTY 50,15807.5,15835.9,15748.45,15724.05,360334724,24392.13
30-06-2021,NIFTY 50,15776.9,15839.1,15721.5,15708.75,262386323,20379.76
01-07-2021,NIFTY 50,15755.05,15755.55,15680.0,15667.05,224921644,17359.97
02-07-2021,NIFTY 50,15705.85,15738.35,15722.2,15635.95,254808999,18015.42
05-07-2021,NIFTY 50,15793.4,15845.95,15834.35,15762.05,207032153,14976.54
06-07-2021,NIFTY 50,15813.75,15914.2,15818.25,15801.0,391410742,24456.05
07-07-2021,NIFTY 50,15819.6,15893.55,15879.65,15779.7,329308646,22259.96
08-07-2021,NIFTY 50,15855.4,15885.75,15727.9,15682.9,307928495,19597.95
09-07-2021,NIFTY 50,15688.25,15730.85,15689.8,15632.75,243249366,19976.86
12-07-2021,NIFTY 50,15766.8,15789.2,15692.6,15644.75,216272488,18482.89
13-07-2021,NIFTY 50,15794.0,15820.8,15812.35,15744.6,246676549,18205.97
14-07-2021,NIFTY 50,15808.7,15877.35,15853.95,15764.2,239924352,18372.84
22-07-2021,NIFTY 50,15736.6,15834.8,15824.05,15726.4,265250867,23988.39
23-07-2021,NIFTY 50,15856.8,15899.8,15856.05,15768.4,294098244,20685.82
27-07-2021,NIFTY 50,15860.5,15881.55,15746.45,15701.0,311012065,26117.34
28-07-2021,NIFTY 50,15761.55,15767.5,15709.4,15513.45,318601589,26090.48
03-08-2021,NIFTY 50,15951.55,16146.9,16130.75,15914.35,341289658,26373.24
04-08-2021,NIFTY 50,16195.25,16290.2,16258.8,16176.15,427337644,32434.78
05-08-2021,NIFTY 50,16288.95,16349.45,16294.6,16210.3,418174517,31386.78
06-08-2021,NIFTY 50,16304.4,16336.75,16238.2,16223.3,320087281,24716.17
09-08-2021,NIFTY 50,16281.35,16320.75,16258.25,16179.05,240452917,18302.03
10-08-2021,NIFTY 50,16274.8,16359.25,16280.1,16202.25,287989486,22600.38
11-08-2021,NIFTY 50,16327.3,16338.75,16282.25,16162.55,277895886,20306.59
12-08-2021,NIFTY 50,16303.65,16375.5,16364.4,16286.9,280181324,18548.87
13-08-2021,NIFTY 50,16385.7,16543.6,16529.1,16376.3,321866286,27163.08
16-08-2021,NIFTY 50,16518.4,16589.4,16563.05,16480.75,254049330,21456.2
17-08-2021,NIFTY 50,16545.25,16628.55,16614.6,16495.4,297388470,25696.44
18-08-2021,NIFTY 50,16691.95,16701.85,16568.85,16535.85,251796822,22721.54
20-08-2021,NIFTY 50,16382.5,16509.55,16450.5,16376.05,350819323,30118.23
23-08-2021,NIFTY 50,16592.25,16592.5,16496.45,16395.7,275597782,24355.77
24-08-2021,NIFTY 50,16561.4,16647.1,16624.6,16495.3,275362819,24992.32
25-08-2021,NIFTY 50,16654.0,16712.45,16634.65,16617.5,265920141,22210.6
26-08-2021,NIFTY 50,16627.95,16683.7,16636.9,16603.4,253530997,22320.21
27-08-2021,NIFTY 50,16642.55,16722.05,16705.2,16565.6,217405743,20499.85
30-08-2021,NIFTY 50,16775.85,16951.5,16931.05,16764.85,283483108,23615.87
31-08-2021,NIFTY 50,16947.5,17153.5,17132.2,16915.85,464390247,40147.89
01-09-2021,NIFTY 50,17185.6,17225.75,17076.25,17055.05,301894634,27691.93
02-09-2021,NIFTY 50,17095.4,17245.5,17234.15,17059.7,242377518,22620.36
03-09-2021,NIFTY 50,17262.45,17340.1,17323.6,17212.2,261373795,23579.17
06-09-2021,NIFTY 50,17399.35,17429.55,17377.8,17345.55,228045532,21270.62
07-09-2021,NIFTY 50,17401.55,17436.5,17362.1,17287.0,243417811,19848.94
08-09-2021,NIFTY 50,17375.75,17383.4,17353.5,17254.2,252652423,22696.35
09-09-2021,NIFTY 50,17312.85,17379.65,17369.25,17302.7,241509352,17719.78
13-09-2021,NIFTY 50,17363.55,17378.35,17355.3,17269.15,241053924,18498.63
14-09-2021,NIFTY 50,17420.35,17438.55,17380.0,17367.05,230354386,18702.82
15-09-2021,NIFTY 50,17387.65,17532.7,17519.45,17386.9,388191629,24256.8
16-09-2021,NIFTY 50,17539.2,17644.6,17629.5,17510.45,503310763,30189.77
17-09-2021,NIFTY 50,17709.65,17792.95,17585.15,17537.65,508285916,43345.58
20-09-2021,NIFTY 50,17443.85,17622.75,17396.9,17361.8,339102046,25304.27
21-09-2021,NIFTY 50,17450.5,17578.35,17562.0,17326.1,363578479,26520.99
22-09-2021,NIFTY 50,17580.9,17610.45,17546.65,17524.0,295191136,21772.23
23-09-2021,NIFTY 50,17670.85,17843.9,17822.95,17646.55,320514486,25005.36
24-09-2021,NIFTY 50,17897.45,17947.65,17853.2,17819.4,360130853,30787.59
27-09-2021,NIFTY 50,17932.2,17943.5,17855.1,17802.9,295714657,24244.98
28-09-2021,NIFTY 50,17906.45,17912.85,17748.6,17576.1,397997281,27055.36
29-09-2021,NIFTY 50,17657.95,17781.75,17711.3,17608.15,562237732,30621.28
30-09-2021,NIFTY 50,17718.9,17742.15,17618.15,17585.35,378592721,27167.19
01-10-2021,NIFTY 50,17531.9,17557.15,17532.05,17452.9,305763919,20911.61
04-10-2021,NIFTY 50,17615.55,17750.9,17691.25,17581.35,295761839,21343.51
05-10-2021,NIFTY 50,17661.35,17833.45,17822.3,17640.9,427000191,23066.8
06-10-2021,NIFTY 50,17861.5,17884.6,17646.0,17613.15,395833550,24504.3
07-10-2021,NIFTY 50,17810.55,17857.55,17790.35,17763.8,419890959,27371.98
08-10-2021,NIFTY 50,17886.85,17941.85,17895.2,17840.35,324066351,22778.68
11-10-2021,NIFTY 50,17867.55,18041.95,17945.95,17839.1,375756457,29000.2
12-10-2021,NIFTY 50,17915.8,18008.65,17991.95,17864.95,355568313,26491.42
13-10-2021,NIFTY 50,18097.85,18197.8,18161.75,18050.75,506679748,34503.0
14-10-2021,NIFTY 50,18272.85,18350.75,18338.55,18248.7,538714440,38903.16
18-10-2021,NIFTY 50,18500.1,18543.15,18477.05,18445.3,469883515,36800.84
19-10-2021,NIFTY 50,18602.35,18604.45,18418.75,18377.7,368230309,30505.86
20-10-2021,NIFTY 50,18439.9,18458.3,18266.6,18209.35,371276478,28968.42
21-10-2021,NIFTY 50,18382.7,18384.2,18178.1,18048.0,365902008,30839.79
22-10-2021,NIFTY 50,18230.7,18314.25,18114.9,18034.35,324748084,26938.88
25-10-2021,NIFTY 50,18229.5,18241.4,18125.4,17968.5,418703647,34572.34
26-10-2021,NIFTY 50,18154.5,18310.45,18268.4,18099.3,341377869,29764.61
27-10-2021,NIFTY 50,18295.85,18342.05,18210.95,18167.9,335248487,30823.75
28-10-2021,NIFTY 50,18187.65,18190.7,17857.25,17799.45,374205784,30222.34
29-10-2021,NIFTY 50,17833.05,17915.85,17671.65,17613.1,336466864,28136.0
01-11-2021,NIFTY 50,17783.15,17954.1,17929.65,17697.1,281190130,24354.38
02-11-2021,NIFTY 50,17970.9,18012.25,17888.95,17847.6,296441997,23371.51
03-11-2021,NIFTY 50,17947.95,17988.75,17829.2,17757.95,330995982,26186.85
04-11-2021,NIFTY 50,17935.05,17947.55,17916.8,17900.6,48520856,3637.06
08-11-2021,NIFTY 50,18040.2,18087.8,18068.55,17836.1,338919483,30908.23
09-11-2021,NIFTY 50,18084.35,18112.6,18044.25,17983.05,270197527,23686.09
10-11-2021,NIFTY 50,17973.45,18061.25,18017.2,17915.0,261446523,22281.11
11-11-2021,NIFTY 50,17967.45,17971.35,17873.6,17798.2,232121151,20074.78
12-11-2021,NIFTY 50,17977.6,18123.0,18102.75,17905.9,249111898,22164.33
15-11-2021,NIFTY 50,18140.95,18210.15,18109.45,18071.3,280428633,19099.6
16-11-2021,NIFTY 50,18127.05,18132.65,17999.2,17958.8,267431829,24101.67
17-11-2021,NIFTY 50,17939.35,18022.65,17898.65,17879.25,295715938,22950.84
18-11-2021,NIFTY 50,17890.55,17945.6,17764.8,17688.5,278425148,22625.36
22-11-2021,NIFTY 50,17796.25,17805.25,17416.55,17280.45,356400425,29570.57
23-11-2021,NIFTY 50,17281.75,17553.7,17503.35,17216.1,308843255,26240.41
24-11-2021,NIFTY 50,17550.05,17600.6,17415.05,17354.0,298052158,23766.93
25-11-2021,NIFTY 50,17417.3,17564.35,17536.25,17351.7,255947032,21953.33
26-11-2021,NIFTY 50,17338.75,17355.4,17026.45,16985.7,356330009,28485.53
29-11-2021,NIFTY 50,17055.8,17160.7,17053.95,16782.4,348888750,27428.2
30-11-2021,NIFTY 50,17051.15,17324.65,16983.2,16931.4,497999836,41494.9
01-12-2021,NIFTY 50,17104.4,17213.05,17166.9,17064.25,295542125,24098.73
02-12-2021,NIFTY 50,17183.2,17420.35,17401.65,17149.3,279867500,22473.64
03-12-2021,NIFTY 50,17424.9,17489.8,17196.7,17180.8,292526485,23100.57
06-12-2021,NIFTY 50,17209.05,17216.75,16912.25,16891.7,231716681,17912.15
07-12-2021,NIFTY 50,17044.1,17251.65,17176.7,16987.75,254144221,21693.69
08-12-2021,NIFTY 50,17315.25,17484.6,17469.75,17308.95,257791948,21665.95
09-12-2021,NIFTY 50,17524.4,17543.25,17516.85,17379.6,237170272,18984.75
10-12-2021,NIFTY 50,17476.05,17534.35,17511.3,17405.25,204467484,16399.53
13-12-2021,NIFTY 50,17619.1,17639.5,17368.25,17355.95,256560534,20592.03
14-12-2021,NIFTY 50,17283.2,17376.2,17324.9,17225.8,270965586,20459.79
15-12-2021,NIFTY 50,17323.65,17351.2,17221.4,17192.2,214972109,17046.42
16-12-2021,NIFTY 50,17373.0,17379.35,17248.4,17184.95,219496063,18493.54
17-12-2021,NIFTY 50,17276.0,17298.15,16985.2,16966.45,354591366,31326.91
20-12-2021,NIFTY 50,16824.25,16840.1,16614.2,16410.2,330614079,25123.59
21-12-2021,NIFTY 50,16773.15,16936.4,16770.85,16688.25,241030834,19783.04
22-12-2021,NIFTY 50,16865.55,16971.0,16955.45,16819.5,207946105,17443.94
23-12-2021,NIFTY 50,17066.8,17118.65,17072.6,17015.55,196965302,15755.89
24-12-2021,NIFTY 50,17149.5,17155.6,17003.75,16909.6,182564833,15435.01
27-12-2021,NIFTY 50,16937.75,17112.05,17086.25,16833.2,144777457,12567.03
28-12-2021,NIFTY 50,17177.6,17250.25,17233.25,17161.15,176026100,14553.76
29-12-2021,NIFTY 50,17220.1,17285.95,17213.6,17176.65,161679423,14320.79
30-12-2021,NIFTY 50,17201.45,17264.05,17203.95,17146.35,320831676,21929.19
26-07-2021,NIFTY 50,15849.3,15893.35,15824.45,15797.0,267076679,19487.18
29-07-2021,NIFTY 50,15762.7,15817.35,15778.45,15737.8,401584915,29460.54
30-07-2021,NIFTY 50,15800.6,15862.8,15763.05,15744.85,400021237,30539.63
02-08-2021,NIFTY 50,15874.9,15892.9,15885.15,15834.65,244847433,20766.99
01-01-2021,NIFTY 50,13996.1,14049.85,14018.5,13991.35,258090905,15873.75
04-01-2021,NIFTY 50,14104.35,14147.95,14132.9,13953.75,494999295,28705.09
05-01-2021,NIFTY 50,14075.15,14215.6,14199.5,14048.15,492475349,30872.87
06-01-2021,NIFTY 50,14240.95,14244.15,14146.25,14039.9,632323316,34615.55
07-01-2021,NIFTY 50,14253.75,14256.25,14137.35,14123.1,559173512,33446.47
15-07-2021,NIFTY 50,15872.15,15952.35,15924.2,15855.0,284851049,20961.37
16-07-2021,NIFTY 50,15958.35,15962.25,15923.4,15882.6,276298105,18758.13
19-07-2021,NIFTY 50,15754.5,15836.9,15752.4,15707.5,242131813,18088.78
20-07-2021,NIFTY 50,15703.95,15728.45,15632.1,15578.55,274284165,21329.55
31-12-2020,NIFTY 50,13970.0,14024.85,13981.75,13936.45,452410109,26305.82
06-01-2022,NIFTY 50,17768.5,17797.95,17745.9,17655.55,236454824,22643.82
05-01-2022,NIFTY 50,17820.1,17944.7,17925.25,17748.85,251460038,23737.31
04-01-2022,NIFTY 50,17681.4,17827.6,17805.25,17593.55,247437472,18604.16
11-01-2022,NIFTY 50,17997.75,18081.25,18055.75,17964.4,220238796,20781.46
13-01-2022,NIFTY 50,18257.0,18272.25,18257.8,18163.8,303700545,28670.93
12-01-2022,NIFTY 50,18170.4,18227.95,18212.35,18128.8,244974287,22298.69
03-01-2022,NIFTY 50,17387.15,17646.65,17625.7,17383.3,200456430,16181.36
07-01-2022,NIFTY 50,17797.6,17905.0,17812.7,17704.55,239338015,21447.89
10-01-2022,NIFTY 50,17913.3,18017.45,18003.3,17879.15,232418075,20853.64
14-01-2022,NIFTY 50,18185.0,18286.95,18255.75,18119.65,229451608,21024.51
20-01-2022,NIFTY 50,17921.0,17943.7,17757.0,17648.45,258094246,25863.29
31-01-2022,NIFTY 50,17301.05,17410.0,17339.85,17264.15,321660346,25474.13
21-01-2022,NIFTY 50,17613.7,17707.6,17617.15,17485.85,277645373,25941.64
27-01-2022,NIFTY 50,17062.0,17182.5,17110.15,16866.75,395596577,36296.64
17-01-2022,NIFTY 50,18235.65,18321.55,18308.1,18228.75,266702919,23859.38
24-01-2022,NIFTY 50,17575.15,17599.4,17149.1,16997.85,323847388,28387.73
28-01-2022,NIFTY 50,17208.3,17373.5,17101.95,17077.1,355284285,29799.89
25-01-2022,NIFTY 50,17001.55,17309.15,17277.95,16836.8,326515896,31344.46
19-01-2022,NIFTY 50,18129.2,18129.2,17938.4,17884.9,276662654,25310.19
03-02-2022,NIFTY 50,17767.75,17781.15,17560.2,17511.15,226614989,20373.06
08-02-2022,NIFTY 50,17279.85,17306.45,17266.75,17043.65,268526210,23846.16
02-02-2022,NIFTY 50,17706.2,17794.6,17780.0,17674.8,271205907,23611.59
10-02-2022,NIFTY 50,17554.1,17639.45,17605.85,17427.15,273606440,22210.93
01-02-2022,NIFTY 50,17529.45,17622.4,17576.85,17244.55,386391485,30033.66
09-02-2022,NIFTY 50,17370.1,17477.15,17463.8,17339.0,236350514,19327.67
11-02-2022,NIFTY 50,17451.0,17454.75,17374.75,17303.0,253141660,23230.82
14-02-2022,NIFTY 50,17076.15,17099.5,16842.8,16809.65,305510740,24976.16
04-02-2022,NIFTY 50,17590.2,17617.8,17516.3,17462.55,261434170,20651.85
15-02-2022,NIFTY 50,16933.25,17375.0,17352.45,16839.25,298658142,24765.67
16-02-2022,NIFTY 50,17408.45,17490.6,17322.2,17257.7,244549223,21128.38
07-02-2022,NIFTY 50,17456.3,17536.75,17213.6,17119.4,265037933,21925.11
17-02-2022,NIFTY 50,17396.55,17442.9,17304.6,17235.85,232136131,19381.26
24-02-2022,NIFTY 50,16548.9,16705.25,16247.95,16203.25,457967874,36650.83
25-02-2022,NIFTY 50,16515.65,16748.8,16658.4,16478.3,329780732,25743.77
21-02-2022,NIFTY 50,17192.25,17351.05,17206.65,17070.7,215183301,18725.57
23-02-2022,NIFTY 50,17194.5,17220.7,17063.25,17027.85,200229631,17662.47
22-02-2022,NIFTY 50,16847.95,17148.55,17092.2,16843.8,300131995,24040.84
18-02-2022,NIFTY 50,17236.05,17380.8,17276.3,17219.2,189620888,16126.96
10-03-2022,NIFTY 50,16757.1,16757.3,16594.9,16447.9,486445481,35513.73
04-03-2022,NIFTY 50,16339.45,16456.0,16245.35,16133.8,456143040,34821.1
08-03-2022,NIFTY 50,15747.75,16028.75,16013.45,15671.45,543600673,38704.4
28-02-2022,NIFTY 50,16481.6,16815.9,16793.9,16356.3,404214666,33831.57
07-03-2022,NIFTY 50,15867.95,15944.6,15863.15,15711.45,585403660,38038.75
09-03-2022,NIFTY 50,16078.0,16418.05,16345.35,15990.0,462231428,35329.34
14-03-2022,NIFTY 50,16633.7,16887.95,16871.3,16606.5,314669685,23824.02
15-03-2022,NIFTY 50,16900.65,16927.75,16663.0,16555.0,381631902,29731.09
03-03-2022,NIFTY 50,16723.2,16768.95,16498.05,16442.95,442068263,31413.0
11-03-2022,NIFTY 50,16528.8,16694.4,16630.45,16470.9,343717045,24720.34
02-03-2022,NIFTY 50,16593.1,16678.5,16605.95,16478.65,517723542,39407.44
22-03-2022,NIFTY 50,17120.4,17334.4,17315.5,17006.3,338263468,27347.6
24-03-2022,NIFTY 50,17094.95,17291.75,17222.75,17091.15,290280124,25011.72
21-03-2022,NIFTY 50,17329.5,17353.35,17117.6,17096.4,285451208,22886.39
17-03-2022,NIFTY 50,17202.9,17344.6,17287.05,17175.75,448335248,35367.28
25-03-2022,NIFTY 50,17289.0,17294.9,17153.0,17076.55,237115741,20031.39
16-03-2022,NIFTY 50,16876.65,16987.9,16975.35,16837.85,259973396,21361.32
23-03-2022,NIFTY 50,17405.05,17442.4,17245.65,17199.6,292120348,24705.28
28-03-2022,NIFTY 50,17181.85,17235.1,17222.0,17003.9,253240837,19976.26
07-04-2022,NIFTY 50,17723.3,17787.5,17639.55,17623.7,308840215,26236.91
31-03-2022,NIFTY 50,17519.2,17559.8,17464.75,17435.2,281111679,24032.07
01-04-2022,NIFTY 50,17436.9,17703.7,17670.45,17422.7,291773447,21132.13
06-04-2022,NIFTY 50,17842.75,17901.0,17807.65,17779.85,328824420,24252.48
30-03-2022,NIFTY 50,17468.15,17522.5,17498.25,17387.2,505031841,28907.47
04-04-2022,NIFTY 50,17809.1,18114.65,18053.4,17791.4,345526502,38623.94
05-04-2022,NIFTY 50,18080.6,18095.45,17957.4,17921.55,283453612,25096.7
29-03-2022,NIFTY 50,17297.2,17343.65,17325.3,17235.7,235149625,20305.78
12-04-2022,NIFTY 50,17584.85,17595.3,17530.3,17442.35,266029060,23958.77
18-04-2022,NIFTY 50,17183.45,17237.75,17173.65,17067.85,376130248,30154.62
19-04-2022,NIFTY 50,17258.95,17275.65,16958.65,16824.7,401399563,35467.13
28-04-2022,NIFTY 50,17189.5,17322.5,17245.05,17071.05,312914417,28488.87
08-04-2022,NIFTY 50,17698.15,17842.75,17784.35,17600.55,274447433,25608.1
02-05-2022,NIFTY 50,16924.45,17092.25,17069.1,16917.25,278155513,21222.64
25-04-2022,NIFTY 50,17009.05,17054.3,16953.95,16888.7,275685925,22699.65
29-04-2022,NIFTY 50,17329.25,17377.65,17102.55,17053.25,336243642,29582.86
21-04-2022,NIFTY 50,17234.6,17414.7,17392.6,17215.5,285200022,24999.9
20-04-2022,NIFTY 50,17045.25,17186.9,17136.55,16978.95,286069736,25972.15
13-04-2022,NIFTY 50,17599.9,17663.65,17475.65,17457.4,245061941,20229.83
27-04-2022,NIFTY 50,17073.35,17110.7,17038.4,16958.45,265140480,25373.8
11-04-2022,NIFTY 50,17740.9,17779.05,17674.95,17650.95,251701846,21001.58
26-04-2022,NIFTY 50,17121.3,17223.85,17200.8,17064.45,261065753,22079.92
22-04-2022,NIFTY 50,17242.75,17315.3,17171.95,17149.2,262739740,23371.7
04-05-2022,NIFTY 50,17096.6,17132.85,16677.6,16623.95,310632799,27405.52
13-05-2022,NIFTY 50,15977.0,16083.6,15782.15,15740.85,369135540,27454.12
05-05-2022,NIFTY 50,16854.75,16945.7,16682.65,16651.85,265793403,21792.91
09-05-2022,NIFTY 50,16227.7,16403.7,16301.85,16142.1,288402950,23274.74
16-05-2022,NIFTY 50,15845.1,15977.95,15842.3,15739.65,217646558,17852.19
19-05-2022,NIFTY 50,15917.4,15984.75,15809.4,15775.2,313876082,24340.84
17-05-2022,NIFTY 50,15912.6,16284.25,16259.3,15900.8,295687774,22782.99
11-05-2022,NIFTY 50,16270.05,16318.75,16167.1,15992.6,284294438,22994.38
18-05-2022,NIFTY 50,16318.15,16399.8,16240.3,16211.2,290441105,23889.84
06-05-2022,NIFTY 50,16415.55,16484.2,16411.25,16340.9,300527719,25472.95
10-05-2022,NIFTY 50,16248.9,16404.55,16240.05,16197.3,283061200,22685.27
12-05-2022,NIFTY 50,16021.1,16041.95,15808.0,15735.75,314921678,25352.34
23-05-2022,NIFTY 50,16290.95,16414.7,16214.7,16185.75,293829853,25110.85
20-05-2022,NIFTY 50,16043.8,16283.05,16266.15,16003.85,252402013,22806.69
30-05-2022,NIFTY 50,16527.9,16695.5,16661.4,16506.15,251400757,21216.5
02-06-2022,NIFTY 50,16481.65,16646.4,16628.0,16443.05,235958283,20055.84
06-06-2022,NIFTY 50,16530.7,16610.95,16569.55,16444.55,233589132,17999.41
26-05-2022,NIFTY 50,16105.0,16204.45,16170.15,15903.7,314305739,27721.21
27-05-2022,NIFTY 50,16296.6,16370.6,16352.45,16221.95,274064956,21341.98
01-06-2022,NIFTY 50,16594.4,16649.2,16522.75,16438.85,249619038,19350.33
25-05-2022,NIFTY 50,16196.35,16223.35,16025.8,16006.95,243342347,21400.14
24-05-2022,NIFTY 50,16225.55,16262.8,16125.15,16078.6,249778296,21895.75
31-05-2022,NIFTY 50,16578.45,16690.75,16584.55,16521.9,651613610,52929.35
03-06-2022,NIFTY 50,16761.65,16793.85,16584.3,16567.9,245514871,22249.29
16-06-2022,NIFTY 50,15832.25,15863.15,15360.6,15335.1,264735957,21383.06
20-06-2022,NIFTY 50,15334.5,15382.5,15350.15,15191.1,260022438,18531.78
23-06-2022,NIFTY 50,15451.55,15628.45,15556.65,15367.5,259171810,21722.06
07-06-2022,NIFTY 50,16469.6,16487.25,16416.35,16347.1,233814633,17921.95
13-06-2022,NIFTY 50,15877.55,15886.15,15774.4,15684.0,225534385,20002.64
08-06-2022,NIFTY 50,16474.95,16514.3,16356.25,16293.35,243481044,18336.15
24-06-2022,NIFTY 50,15657.4,15749.25,15699.25,15619.45,219599372,18259.72
17-06-2022,NIFTY 50,15272.65,15400.4,15293.5,15183.4,342629997,29074.0
10-06-2022,NIFTY 50,16283.95,16324.7,16201.8,16172.6,189680523,18388.03
14-06-2022,NIFTY 50,15674.25,15858.0,15732.1,15659.45,225425862,19825.41
22-06-2022,NIFTY 50,15545.65,15565.4,15413.3,15385.95,220889589,16817.07
15-06-2022,NIFTY 50,15729.25,15783.65,15692.15,15678.9,183011236,16063.24
09-06-2022,NIFTY 50,16263.85,16492.8,16478.1,16243.85,204954394,16721.68
21-06-2022,NIFTY 50,15455.95,15707.25,15638.8,15419.85,262794687,18934.27
04-07-2022,NIFTY 50,15710.5,15852.35,15835.35,15661.8,304328467,19875.22
05-07-2022,NIFTY 50,15909.15,16025.75,15810.85,15785.45,254164463,19129.6
06-07-2022,NIFTY 50,15818.2,16011.35,15989.8,15800.9,288375300,22836.77
08-07-2022,NIFTY 50,16273.65,16275.5,16220.6,16157.9,281102369,20990.69
13-07-2022,NIFTY 50,16128.2,16140.0,15966.65,15950.15,233264100,19649.66
29-06-2022,NIFTY 50,15701.7,15861.6,15799.1,15687.8,444949551,22528.57
07-07-2022,NIFTY 50,16113.75,16150.5,16132.9,16045.95,264615218,21465.33
27-06-2022,NIFTY 50,15926.2,15927.45,15832.05,15815.5,210932505,17770.42
28-06-2022,NIFTY 50,15757.45,15892.1,15850.2,15710.15,251865155,18419.75
11-07-2022,NIFTY 50,16136.15,16248.55,16216.0,16115.5,255915072,20240.69
01-07-2022,NIFTY 50,15703.7,15793.95,15752.05,15511.05,364090131,25891.94
12-07-2022,NIFTY 50,16126.2,16158.75,16058.3,16031.15,208648707,16042.52
30-06-2022,NIFTY 50,15774.5,15890.0,15780.25,15728.85,306027777,23970.65
25-07-2022,NIFTY 50,16662.55,16706.05,16631.0,16564.25,211392171,19384.43
19-07-2022,NIFTY 50,16187.05,16359.5,16340.55,16187.05,222630928,18068.59
15-07-2022,NIFTY 50,16010.8,16066.95,16049.2,15927.3,205768079,17031.43
29-07-2022,NIFTY 50,17079.5,17172.8,17158.25,17018.15,436059722,28241.29
01-08-2022,NIFTY 50,17243.2,17356.25,17340.05,17154.8,381532671,23221.04
26-07-2022,NIFTY 50,16632.9,16636.1,16483.85,16463.3,208208122,20087.54
28-07-2022,NIFTY 50,16774.85,16947.65,16929.6,16746.25,376256315,26674.28
27-07-2022,NIFTY 50,16475.35,16653.45,16641.8,16438.75,185210970,17608.03
20-07-2022,NIFTY 50,16562.8,16588.0,16520.85,16490.95,284359582,22061.81
21-07-2022,NIFTY 50,16523.55,16626.95,16605.25,16483.9,243625339,20603.17
03-08-2022,NIFTY 50,17349.25,17407.5,17388.15,17225.85,285414666,20842.13
14-07-2022,NIFTY 50,16018.85,16070.85,15938.65,15858.2,228603433,18858.83
22-07-2022,NIFTY 50,16661.25,16752.25,16719.45,16610.9,190906776,18600.11
02-08-2022,NIFTY 50,17310.15,17390.15,17345.45,17215.85,333639093,22576.94
18-07-2022,NIFTY 50,16151.4,16287.95,16278.5,16142.2,227744850,19420.93
11-08-2022,NIFTY 50,17711.65,17719.3,17659.0,17631.95,311247237,20476.53
22-08-2022,NIFTY 50,17682.9,17690.05,17490.7,17467.35,287559133,19605.44
08-08-2022,NIFTY 50,17401.5,17548.8,17525.1,17359.75,256994113,18475.21
19-08-2022,NIFTY 50,17966.55,17992.2,17758.45,17710.75,295627263,21531.99
23-08-2022,NIFTY 50,17357.35,17625.55,17577.5,17345.2,285616338,20365.8
24-08-2022,NIFTY 50,17525.45,17623.65,17604.95,17499.25,261953239,17819.88
04-08-2022,NIFTY 50,17463.1,17490.7,17382.0,17161.25,324981426,21848.21
10-08-2022,NIFTY 50,17566.1,17566.1,17534.75,17442.8,312716544,21952.35
05-08-2022,NIFTY 50,17423.65,17474.4,17397.5,17348.75,355310802,20013.14
16-08-2022,NIFTY 50,17797.2,17839.1,17825.25,17764.05,278042725,18495.27
18-08-2022,NIFTY 50,17898.65,17968.45,17956.5,17852.05,263914197,18441.68
12-08-2022,NIFTY 50,17659.65,17724.65,17698.15,17597.85,303872483,18422.47
17-08-2022,NIFTY 50,17868.15,17965.95,17944.25,17833.35,262768582,21209.54
25-08-2022,NIFTY 50,17679.0,17726.5,17522.45,17487.45,230181848,17566.7
07-09-2022,NIFTY 50,17519.4,17650.75,17624.4,17484.3,354137885,25419.5
05-09-2022,NIFTY 50,17546.45,17683.15,17665.8,17540.35,230309013,17011.26
30-08-2022,NIFTY 50,17414.95,17777.65,17759.3,17401.5,324687477,26284.26
06-09-2022,NIFTY 50,17695.7,17764.65,17655.6,17587.65,251204527,17521.09
29-08-2022,NIFTY 50,17188.65,17380.15,17312.9,17166.2,244854637,19351.5
02-09-2022,NIFTY 50,17598.4,17643.85,17539.45,17476.45,256268616,19548.88
08-09-2022,NIFTY 50,17748.15,17807.65,17798.75,17691.95,279845682,19925.25
26-08-2022,NIFTY 50,17619.3,17685.85,17558.9,17519.35,266636238,17500.8
01-09-2022,NIFTY 50,17485.7,17695.6,17542.8,17468.45,308526598,26813.95
16-09-2022,NIFTY 50,17796.8,17820.05,17530.85,17497.25,468464263,36013.89
19-09-2022,NIFTY 50,17540.65,17667.2,17622.25,17429.7,258329581,19548.99
09-09-2022,NIFTY 50,17923.35,17925.95,17833.35,17786.0,270299618,20564.06
12-09-2022,NIFTY 50,17890.85,17980.55,17936.35,17889.15,228242025,17648.17
13-09-2022,NIFTY 50,18044.45,18088.3,18070.05,18015.45,259922741,21039.08
15-09-2022,NIFTY 50,18046.35,18096.15,17877.4,17861.5,289637528,22007.78
14-09-2022,NIFTY 50,17771.15,18091.55,18003.75,17771.15,365866933,26611.96
20-09-2022,NIFTY 50,17770.4,17919.3,17816.25,17744.4,263100874,20456.69
29-09-2022,NIFTY 50,16993.6,17026.05,16818.1,16788.6,340034380,24758.63
23-09-2022,NIFTY 50,17593.85,17642.15,17327.35,17291.65,390754862,23750.53
28-09-2022,NIFTY 50,16870.55,17037.6,16858.6,16820.4,323922457,21400.93
04-10-2022,NIFTY 50,17147.45,17287.3,17274.3,17117.3,231601639,18480.43
06-10-2022,NIFTY 50,17379.25,17428.8,17331.8,17315.65,268239320,20404.46
27-09-2022,NIFTY 50,17110.9,17176.45,17007.4,16942.35,359895458,22712.8
10-10-2022,NIFTY 50,17094.35,17280.15,17241.0,17064.7,234005512,16220.67
22-09-2022,NIFTY 50,17609.65,17722.75,17629.8,17532.45,284094023,21303.96
07-10-2022,NIFTY 50,17287.2,17337.35,17314.65,17216.95,216273136,17043.26
11-10-2022,NIFTY 50,17256.05,17261.8,16983.55,16950.3,282617982,22178.37
03-10-2022,NIFTY 50,17102.1,17114.65,16887.35,16855.55,285850587,21860.54
21-09-2022,NIFTY 50,17766.35,17838.7,17718.35,17663.6,245532498,19816.78
30-09-2022,NIFTY 50,16798.05,17187.1,17094.35,16747.7,380204763,26205.63
26-09-2022,NIFTY 50,17156.3,17196.4,17016.3,16978.3,492002942,27533.01
13-10-2022,NIFTY 50,17087.35,17112.35,17014.35,16956.95,266438674,18189.64
18-10-2022,NIFTY 50,17438.75,17527.8,17486.95,17434.05,239493630,18224.95
17-10-2022,NIFTY 50,17144.8,17328.55,17311.8,17098.55,212223419,16887.83
12-10-2022,NIFTY 50,17025.55,17142.35,17123.6,16960.05,256037322,18098.41
14-10-2022,NIFTY 50,17322.3,17348.55,17185.7,17169.75,226997138,17813.47
18-01-2022,NIFTY 50,18337.2,18350.95,18113.05,18085.9,227507319,20852.67
19-10-2022,NIFTY 50,17568.15,17607.6,17512.25,17472.85,210480869,17200.79
20-10-2022,NIFTY 50,17423.1,17584.15,17563.95,17421.0,249604832,18345.6
21-10-2022,NIFTY 50,17622.85,17670.15,17576.3,17520.75,277702680,23547.38
24-10-2022,NIFTY 50,17736.35,17777.55,17730.75,17707.4,45029477,3772.49
25-10-2022,NIFTY 50,17808.3,17811.5,17656.35,17637.0,251358203,20338.32
27-10-2022,NIFTY 50,17771.4,17783.9,17736.95,17654.5,324649088,24166.3
28-10-2022,NIFTY 50,17756.4,17838.9,17786.8,17723.7,250030113,19099.59
31-10-2022,NIFTY 50,17910.2,18022.8,18012.2,17899.9,227174539,19846.47
01-11-2022,NIFTY 50,18130.7,18175.8,18145.4,18060.15,349924808,26796.59
02-11-2022,NIFTY 50,18177.9,18178.75,18082.85,18048.65,270878019,20072.62
03-11-2022,NIFTY 50,17968.35,18106.3,18052.7,17959.2,212968291,16037.78
04-11-2022,NIFTY 50,18053.4,18135.1,18117.15,18017.15,267941526,21062.54
07-11-2022,NIFTY 50,18211.75,18255.5,18202.8,18064.75,314758398,25124.84
09-11-2022,NIFTY 50,18288.25,18296.4,18157.0,18117.5,307155149,23344.58
10-11-2022,NIFTY 50,18044.35,18103.1,18028.2,17969.4,256451785,19848.06
11-11-2022,NIFTY 50,18272.35,18362.3,18349.7,18259.35,378469072,30732.11
15-11-2022,NIFTY 50,18362.75,18427.95,18403.4,18282.0,250926391,17836.19
16-11-2022,NIFTY 50,18398.25,18442.15,18409.65,18344.15,219268992,19732.87
17-11-2022,NIFTY 50,18358.7,18417.6,18343.9,18312.95,200512910,16410.36
18-11-2022,NIFTY 50,18382.95,18394.6,18307.65,18209.8,198794846,16553.69
21-11-2022,NIFTY 50,18246.4,18262.3,18159.95,18133.35,213794598,15037.5
22-11-2022,NIFTY 50,18179.15,18261.85,18244.2,18137.7,177681099,14750.98
23-11-2022,NIFTY 50,18325.2,18325.4,18267.25,18246.0,178791087,15674.45
24-11-2022,NIFTY 50,18326.1,18529.7,18484.1,18294.25,204044559,18218.35
25-11-2022,NIFTY 50,18528.45,18534.9,18512.75,18445.1,205876043,17112.8
28-11-2022,NIFTY 50,18430.55,18614.25,18562.75,18365.6,206468884,19006.92
29-11-2022,NIFTY 50,18552.45,18678.1,18618.05,18552.15,195255179,16568.17
30-11-2022,NIFTY 50,18625.7,18816.05,18758.35,18616.55,345636288,32757.21
01-12-2022,NIFTY 50,18871.95,18887.6,18812.5,18778.2,324955829,22216.65
02-12-2022,NIFTY 50,18752.4,18781.95,18696.1,18639.2,254401004,20233.76
05-12-2022,NIFTY 50,18719.55,18728.6,18701.05,18591.35,288393766,19471.83
06-12-2022,NIFTY 50,18600.65,18654.9,18642.75,18577.9,217777090,17772.27
07-12-2022,NIFTY 50,18638.85,18668.3,18560.5,18528.4,200501720,17496.8
08-12-2022,NIFTY 50,18570.85,18625.0,18609.35,18536.95,202811256,19277.65
09-12-2022,NIFTY 50,18662.4,18664.7,18496.6,18410.1,215839572,20317.78
12-12-2022,NIFTY 50,18402.15,18521.55,18497.15,18345.7,193883468,16688.2
13-12-2022,NIFTY 50,18524.4,18617.25,18608.0,18490.2,187585567,16536.17
14-12-2022,NIFTY 50,18671.25,18696.1,18660.3,18632.9,208030337,16626.0
15-12-2022,NIFTY 50,18614.4,18652.9,18414.9,18387.7,183127544,15618.55
16-12-2022,NIFTY 50,18319.1,18440.95,18269.0,18255.15,277650193,23292.95
19-12-2022,NIFTY 50,18288.1,18431.65,18420.45,18244.55,154847475,14455.23
20-12-2022,NIFTY 50,18340.3,18404.9,18385.3,18202.65,169041783,15038.56
21-12-2022,NIFTY 50,18435.15,18473.35,18199.1,18162.75,187594274,17223.44
22-12-2022,NIFTY 50,18288.8,18318.75,18127.35,18068.6,195699650,16725.23
23-12-2022,NIFTY 50,17977.65,18050.45,17806.8,17779.5,221454773,18486.94
26-12-2022,NIFTY 50,17830.4,18084.1,18014.6,17774.25,176652342,13708.21
27-12-2022,NIFTY 50,18089.8,18149.25,18132.3,17967.45,214257094,13000.64
28-12-2022,NIFTY 50,18084.75,18173.1,18122.5,18068.35,193873167,13997.59
29-12-2022,NIFTY 50,18045.7,18229.7,18191.0,17992.8,281052828,18466.05
30-12-2022,NIFTY 50,18259.1,18265.25,18105.3,18080.3,192005563,14475.22
31-12-2021,NIFTY 50,17244.5,17400.8,17354.05,17238.5,167025720,14588.54
14-11-2022,NIFTY 50,18376.4,18399.45,18329.15,18311.4,301401961,21697.66
02-01-2023,NIFTY 50,18131.7,18215.15,18197.45,18086.5,256073979,11793.06
03-01-2023,NIFTY 50,18163.2,18251.95,18232.55,18149.8,208699772,13680.91
04-01-2023,NIFTY 50,18230.65,18243.0,18042.95,18020.6,235162202,16687.71
05-01-2023,NIFTY 50,18101.95,18120.3,17992.15,17892.6,269949738,22108.53
06-01-2023,NIFTY 50,18008.05,18047.4,17859.45,17795.55,238220578,17495.25
09-01-2023,NIFTY 50,17952.55,18141.4,18101.2,17936.15,257237669,19916.16
10-01-2023,NIFTY 50,18121.3,18127.6,17914.15,17856.0,283277918,20570.3
11-01-2023,NIFTY 50,17924.25,17976.35,17895.7,17824.35,259853294,20204.33
12-01-2023,NIFTY 50,17920.85,17945.8,17858.2,17761.65,227769060,19762.43
13-01-2023,NIFTY 50,17867.5,17999.35,17956.6,17774.25,256700729,21341.7
16-01-2023,NIFTY 50,18033.15,18049.65,17894.85,17853.65,206195816,16728.37
17-01-2023,NIFTY 50,17922.8,18072.05,18053.3,17886.95,219055125,17461.09
18-01-2023,NIFTY 50,18074.3,18183.75,18165.35,18032.45,255840928,20500.07
19-01-2023,NIFTY 50,18119.8,18155.2,18107.85,18063.75,237833991,18413.13
20-01-2023,NIFTY 50,18115.6,18145.45,18027.65,18016.2,237225269,19519.96
23-01-2023,NIFTY 50,18118.45,18162.6,18118.55,18063.45,202460434,17060.12
24-01-2023,NIFTY 50,18183.95,18201.25,18118.3,18078.65,216910302,19705.91
25-01-2023,NIFTY 50,18093.35,18100.6,17891.95,17846.15,257227052,20890.56
27-01-2023,NIFTY 50,17877.2,17884.75,17604.35,17493.55,476342611,40104.83
30-01-2023,NIFTY 50,17541.95,17709.15,17648.95,17405.55,432434028,38159.88
31-01-2023,NIFTY 50,17731.45,17735.7,17662.15,17537.55,398338541,35023.7
01-02-2023,NIFTY 50,17811.6,17972.2,17616.3,17353.4,512870802,38486.19
02-02-2023,NIFTY 50,17517.1,17653.9,17610.4,17445.95,490113567,37639.96
03-02-2023,NIFTY 50,17721.75,17870.3,17854.05,17584.2,424123037,34503.67
06-02-2023,NIFTY 50,17818.55,17823.7,17764.6,17698.35,282544790,21864.88
07-02-2023,NIFTY 50,17790.1,17811.15,17721.5,17652.55,354395693,23611.08
08-02-2023,NIFTY 50,17750.3,17898.7,17871.7,17744.15,290994265,23733.4
09-02-2023,NIFTY 50,17885.5,17916.9,17893.45,17779.8,260854055,21529.97
10-02-2023,NIFTY 50,17847.55,17876.95,17856.5,17801.0,231991834,17063.99
13-02-2023,NIFTY 50,17859.1,17880.7,17770.9,17719.75,231276483,17406.31
14-02-2023,NIFTY 50,17840.35,17954.55,17929.85,17800.05,244512944,20579.8
15-02-2023,NIFTY 50,17896.6,18034.1,18015.85,17853.8,229273800,21457.34
16-02-2023,NIFTY 50,18094.75,18134.75,18035.85,18000.65,230246175,18891.55
17-02-2023,NIFTY 50,17974.85,18034.25,17944.2,17884.6,208053929,16998.33
20-02-2023,NIFTY 50,17965.55,18004.35,17844.6,17818.4,174563233,14729.07
21-02-2023,NIFTY 50,17905.8,17924.9,17826.7,17800.3,198248205,15593.09
22-02-2023,NIFTY 50,17755.35,17772.5,17554.3,17529.45,204021979,17162.09
23-02-2023,NIFTY 50,17574.65,17620.05,17511.25,17455.4,240807918,19313.68
24-02-2023,NIFTY 50,17591.35,17599.75,17465.8,17421.8,209406363,16100.18
27-02-2023,NIFTY 50,17428.6,17451.6,17392.7,17299.0,246448847,16638.41
28-02-2023,NIFTY 50,17383.25,17440.45,17303.95,17255.2,420881259,32959.77
01-03-2023,NIFTY 50,17360.1,17467.75,17450.9,17345.25,272881409,19784.53
02-03-2023,NIFTY 50,17421.5,17445.8,17321.9,17306.0,310669094,22068.68
03-03-2023,NIFTY 50,17451.25,17644.75,17594.35,17427.7,356169518,24143.96
06-03-2023,NIFTY 50,17680.35,17799.95,17711.45,17671.95,362801096,26959.41
06-03-2023,NIFTY 50,17680.35,17799.95,17711.45,17671.95,362801096,26959.41
08-03-2023,NIFTY 50,17665.75,17766.5,17754.4,17602.25,267041402,23155.56
09-03-2023,NIFTY 50,17772.05,17772.35,17589.6,17573.6,262352056,21964.17
10-03-2023,NIFTY 50,17443.8,17451.5,17412.9,17324.35,235927570,19794.73
13-03-2023,NIFTY 50,17421.9,17529.9,17154.3,17113.45,254914657,22860.67
14-03-2023,NIFTY 50,17160.55,17224.65,17043.3,16987.1,290604200,26057.6
15-03-2023,NIFTY 50,17166.45,17211.35,16972.15,16938.9,248188970,22659.09
16-03-2023,NIFTY 50,16994.65,17062.45,16985.6,16850.15,349820607,24198.71
17-03-2023,NIFTY 50,17111.8,17145.8,17100.05,16958.15,408121255,30478.42
20-03-2023,NIFTY 50,17066.6,17066.6,16988.4,16828.35,241777405,21454.09
21-03-2023,NIFTY 50,17060.4,17127.7,17107.5,17016.0,246737873,22039.11
22-03-2023,NIFTY 50,17177.45,17207.25,17151.9,17107.85,185700457,15712.0
23-03-2023,NIFTY 50,17097.4,17205.4,17076.9,17045.3,219171517,19676.97
24-03-2023,NIFTY 50,17076.2,17109.45,16945.05,16917.35,228038299,19019.88
27-03-2023,NIFTY 50,16984.3,17091.0,16985.7,16918.55,218418670,18466.56
28-03-2023,NIFTY 50,17031.75,17061.75,16951.7,16913.75,238840919,20942.5
29-03-2023,NIFTY 50,16977.3,17126.15,17080.7,16940.6,345911087,27261.74
31-03-2023,NIFTY 50,17210.35,17381.6,17359.75,17204.65,263889033,24970.98
03-04-2023,NIFTY 50,17427.95,17428.05,17398.05,17312.75,230170687,20359.58
05-04-2023,NIFTY 50,17422.3,17570.55,17557.05,17402.7,248345193,23911.75
06-04-2023,NIFTY 50,17533.85,17638.7,17599.15,17502.85,242708337,23543.21
10-04-2023,NIFTY 50,17634.9,17694.1,17624.05,17597.95,254819382,21092.06
11-04-2023,NIFTY 50,17704.8,17748.75,17722.3,17655.15,304263454,25841.64
12-04-2023,NIFTY 50,17759.55,17825.75,17812.4,17717.25,232816318,22851.93
13-04-2023,NIFTY 50,17807.3,17842.15,17828.0,17729.65,285764798,26460.2
17-04-2023,NIFTY 50,17863.0,17863.0,17706.85,17574.05,357401212,35118.57
18-04-2023,NIFTY 50,17766.6,17766.6,17660.15,17610.2,258856690,23032.99
19-04-2023,NIFTY 50,17653.35,17666.15,17618.75,17579.85,281463379,21562.08
20-04-2023,NIFTY 50,17638.6,17684.45,17624.45,17584.35,215103396,19457.45
21-04-2023,NIFTY 50,17639.75,17663.2,17624.05,17553.95,230156645,19091.44
24-04-2023,NIFTY 50,17707.55,17754.5,17743.4,17612.5,255740393,23142.94
25-04-2023,NIFTY 50,17761.55,17807.45,17769.25,17716.85,297445999,28819.53
26-04-2023,NIFTY 50,17767.3,17827.75,17813.6,17711.2,233008677,21295.14
27-04-2023,NIFTY 50,17813.1,17931.6,17915.05,17797.9,241434660,24454.15
28-04-2023,NIFTY 50,17950.4,18089.15,18065.0,17885.3,290263674,27026.12
02-05-2023,NIFTY 50,18124.8,18180.25,18147.65,18101.75,265216308,23615.47
03-05-2023,NIFTY 50,18113.8,18116.35,18089.85,18042.4,226171254,19079.79
04-05-2023,NIFTY 50,18081.0,18267.45,18255.8,18066.7,226643581,21889.48
05-05-2023,NIFTY 50,18117.3,18216.95,18069.0,18055.45,239702311,26152.88
08-05-2023,NIFTY 50,18120.6,18286.95,18264.4,18100.3,228399379,22687.94
09-05-2023,NIFTY 50,18303.4,18344.2,18265.95,18229.65,245368649,23478.06
10-05-2023,NIFTY 50,18313.6,18326.75,18315.1,18211.95,220450874,21416.41
11-05-2023,NIFTY 50,18357.8,18389.7,18297.0,18270.4,248932544,26440.1
12-05-2023,NIFTY 50,18273.75,18342.75,18314.8,18194.55,241702589,22046.04
16-05-2023,NIFTY 50,18432.35,18432.35,18286.5,18264.35,219490491,21063.78
17-05-2023,NIFTY 50,18300.45,18309.0,18181.75,18115.35,229898510,20903.12
18-05-2023,NIFTY 50,18287.5,18297.2,18129.95,18104.85,272103515,24172.44
19-05-2023,NIFTY 50,18186.15,18218.1,18203.4,18060.4,260898407,22105.67
22-05-2023,NIFTY 50,18201.1,18335.25,18314.4,18178.85,262560942,25147.58
23-05-2023,NIFTY 50,18362.9,18419.75,18348.0,18324.2,270354216,28648.15
24-05-2023,NIFTY 50,18294.8,18392.6,18285.4,18262.95,232621507,24273.17
25-05-2023,NIFTY 50,18268.9,18338.1,18321.15,18202.4,235915651,22411.41
26-05-2023,NIFTY 50,18368.35,18508.55,18499.35,18333.15,198668359,19094.08
29-05-2023,NIFTY 50,18619.15,18641.2,18598.65,18581.25,265323978,19237.57
30-05-2023,NIFTY 50,18606.65,18662.45,18633.85,18575.5,234391323,21660.69
31-05-2023,NIFTY 50,18594.2,18603.9,18534.4,18483.85,696495765,70755.08
01-06-2023,NIFTY 50,18579.4,18580.3,18487.75,18464.55,265630759,24056.99
02-06-2023,NIFTY 50,18550.85,18573.7,18534.1,18478.4,270923679,23171.88
15-05-2023,NIFTY 50,18339.3,18458.9,18398.85,18287.9,216088535,19329.75
05-06-2023,NIFTY 50,18612.0,18640.15,18593.85,18582.8,256111496,20369.16
06-06-2023,NIFTY 50,18600.8,18622.75,18599.0,18531.6,220789926,21957.47
07-06-2023,NIFTY 50,18665.6,18738.95,18726.4,18636.0,260109671,21482.77
08-06-2023,NIFTY 50,18725.35,18777.9,18634.55,18615.6,286468927,22762.3
09-06-2023,NIFTY 50,18655.9,18676.65,18563.4,18555.4,221760885,20181.42
12-06-2023,NIFTY 50,18595.05,18633.6,18601.5,18559.75,179463966,15386.04
13-06-2023,NIFTY 50,18631.8,18728.9,18716.15,18631.8,233167883,22612.62
14-06-2023,NIFTY 50,18744.6,18769.7,18755.9,18690.0,261354575,19520.08
15-06-2023,NIFTY 50,18774.45,18794.1,18688.1,18669.05,263004991,24820.77
16-06-2023,NIFTY 50,18723.3,18864.7,18826.0,18710.5,272771256,28877.67
19-06-2023,NIFTY 50,18873.3,18881.45,18755.45,18719.15,219815214,22699.84
20-06-2023,NIFTY 50,18752.35,18839.7,18816.7,18660.65,211649257,19687.08
21-06-2023,NIFTY 50,18849.4,18875.9,18856.85,18794.85,217481345,19102.48
22-06-2023,NIFTY 50,18853.6,18886.6,18771.25,18759.5,252697871,24990.87
23-06-2023,NIFTY 50,18741.85,18756.4,18665.5,18647.1,210562119,20619.6
26-06-2023,NIFTY 50,18682.35,18722.05,18691.2,18646.7,171271325,17355.14
27-06-2023,NIFTY 50,18748.55,18829.25,18817.4,18714.25,222464605,21415.89
28-06-2023,NIFTY 50,18908.15,19011.25,18972.1,18861.35,398782019,37356.94
30-06-2023,NIFTY 50,19076.85,19201.7,19189.05,19024.6,247906587,26376.62
03-07-2023,NIFTY 50,19246.5,19345.1,19322.55,19234.4,226050219,22681.54
04-07-2023,NIFTY 50,19406.6,19434.15,19389.0,19300.0,226916635,26634.06
05-07-2023,NIFTY 50,19405.95,19421.6,19398.5,19339.6,224418797,24699.24
06-07-2023,NIFTY 50,19385.7,19512.2,19497.3,19373.0,268261285,28540.18
07-07-2023,NIFTY 50,19422.8,19523.6,19331.8,19303.6,237102566,23089.25
10-07-2023,NIFTY 50,19400.35,19435.85,19355.9,19327.1,268246132,25991.55
11-07-2023,NIFTY 50,19427.1,19515.1,19439.4,19406.45,251263638,26883.78
12-07-2023,NIFTY 50,19497.45,19507.7,19384.3,19361.75,327941559,40163.14
13-07-2023,NIFTY 50,19495.2,19567.0,19413.75,19385.8,310442517,27244.56
14-07-2023,NIFTY 50,19493.45,19595.35,19564.5,19433.5,291165841,25484.44
17-07-2023,NIFTY 50,19612.15,19731.85,19711.45,19562.95,268707894,25975.57
18-07-2023,NIFTY 50,19787.5,19819.45,19749.25,19690.2,286353897,33269.08
19-07-2023,NIFTY 50,19802.95,19851.7,19833.15,19727.45,259660464,26447.9
20-07-2023,NIFTY 50,19831.7,19991.85,19979.15,19758.4,274698867,30622.66
21-07-2023,NIFTY 50,19800.45,19887.4,19745.0,19700.0,312461795,33802.14
24-07-2023,NIFTY 50,19748.45,19782.75,19672.35,19658.3,265562151,24522.29
25-07-2023,NIFTY 50,19729.35,19729.35,19680.6,19615.95,369653496,29665.67
26-07-2023,NIFTY 50,19733.35,19825.6,19778.3,19716.7,244747425,23023.86
27-07-2023,NIFTY 50,19850.9,19867.55,19659.9,19603.55,334891351,35019.13
28-07-2023,NIFTY 50,19659.75,19695.9,19646.05,19563.1,258671382,22995.98
31-07-2023,NIFTY 50,19666.35,19772.75,19753.8,19597.6,295053318,23075.38
01-08-2023,NIFTY 50,19784.0,19795.6,19733.55,19704.6,298048161,24554.71
02-08-2023,NIFTY 50,19655.4,19678.25,19526.55,19423.55,290666798,23997.47
03-08-2023,NIFTY 50,19463.75,19537.65,19381.65,19296.45,315688612,29899.38
04-08-2023,NIFTY 50,19462.8,19538.85,19517.0,19436.45,280799561,28086.15
07-08-2023,NIFTY 50,19576.85,19620.45,19597.3,19524.8,216586074,21655.87
08-08-2023,NIFTY 50,19627.2,19634.4,19570.85,19533.1,260294052,25437.47
09-08-2023,NIFTY 50,19578.8,19645.5,19632.55,19467.5,266495074,23201.75
10-08-2023,NIFTY 50,19605.55,19623.6,19543.1,19495.4,312193785,29430.34
11-08-2023,NIFTY 50,19554.25,19557.75,19428.3,19412.75,235524048,24521.24
17-08-2023,NIFTY 50,19450.55,19461.55,19365.25,19326.25,268663456,26505.65
14-08-2023,NIFTY 50,19383.95,19465.85,19434.55,19257.9,243850815,22767.43
16-08-2023,NIFTY 50,19369.0,19482.75,19465.0,19317.2,226627230,21484.66
18-08-2023,NIFTY 50,19301.75,19373.8,19310.15,19253.6,256142364,25641.41
21-08-2023,NIFTY 50,19320.65,19425.95,19393.6,19296.3,262589133,20738.75
22-08-2023,NIFTY 50,19417.1,19443.5,19396.45,19381.3,208704354,20226.48
23-08-2023,NIFTY 50,19439.2,19472.05,19444.0,19366.6,225214991,20167.16
24-08-2023,NIFTY 50,19535.15,19584.45,19386.7,19369.0,268256859,24338.24
25-08-2023,NIFTY 50,19297.4,19339.55,19265.8,19229.7,466518217,24998.12
28-08-2023,NIFTY 50,19298.35,19366.85,19306.05,19249.7,248178769,18237.22
29-08-2023,NIFTY 50,19374.85,19377.9,19342.65,19309.1,307388116,22501.12
30-08-2023,NIFTY 50,19433.45,19452.8,19347.45,19334.75,233004568,19877.49
31-08-2023,NIFTY 50,19375.55,19388.2,19253.8,19223.65,562557215,45699.54
01-09-2023,NIFTY 50,19258.15,19458.55,19435.3,19255.7,372502191,25962.38
04-09-2023,NIFTY 50,19525.05,19545.15,19528.8,19432.85,396071122,24822.79
06-09-2023,NIFTY 50,19581.2,19636.45,19611.05,19491.5,512974083,32500.52
07-09-2023,NIFTY 50,19598.65,19737.0,19727.05,19550.05,304929822,23591.0
05-09-2023,NIFTY 50,19564.65,19587.05,19574.9,19525.75,303958622,24029.89
11-09-2023,NIFTY 50,19890.0,20008.15,19996.35,19865.35,248763130,21924.34
12-09-2023,NIFTY 50,20110.15,20110.35,19993.2,19914.65,328064239,30110.8
13-09-2023,NIFTY 50,19989.5,20096.9,20070.0,19944.1,251394599,24332.36
08-09-2023,NIFTY 50,19774.8,19867.15,19819.95,19728.05,288093693,23530.84
14-09-2023,NIFTY 50,20127.95,20167.65,20103.1,20043.45,275111881,21902.65
15-09-2023,NIFTY 50,20156.45,20222.45,20192.35,20129.7,438185104,42681.35
18-09-2023,NIFTY 50,20155.95,20195.35,20133.3,20115.7,264870758,21135.95
20-09-2023,NIFTY 50,19980.75,20050.65,19901.4,19878.85,378065882,37351.58
21-09-2023,NIFTY 50,19840.55,19848.75,19742.35,19709.95,275132260,26711.83
22-09-2023,NIFTY 50,19744.85,19798.65,19674.25,19657.5,246410075,24137.57
25-09-2023,NIFTY 50,19678.2,19734.15,19674.55,19601.55,188398392,20194.48
26-09-2023,NIFTY 50,19682.8,19699.35,19664.7,19637.45,204869058,18118.19
27-09-2023,NIFTY 50,19637.05,19730.7,19716.45,19554.0,203559874,19659.17
28-09-2023,NIFTY 50,19761.8,19766.65,19523.55,19492.1,352810261,30069.78
29-09-2023,NIFTY 50,19581.2,19726.25,19638.3,19551.05,243508919,20978.72
03-10-2023,NIFTY 50,19622.4,19623.2,19528.75,19479.65,221719625,21459.58
04-10-2023,NIFTY 50,19446.3,19457.8,19436.1,19333.6,277148310,26017.47
05-10-2023,NIFTY 50,19521.85,19576.95,19545.75,19487.3,234865323,22019.04
06-10-2023,NIFTY 50,19621.2,19675.75,19653.5,19589.4,159051277,16096.52
09-10-2023,NIFTY 50,19539.45,19588.95,19512.35,19480.5,165094800,15499.67
10-10-2023,NIFTY 50,19565.6,19717.8,19689.85,19565.45,216559447,18735.62
11-10-2023,NIFTY 50,19767.0,19839.2,19811.35,19756.95,213729730,19900.99
12-10-2023,NIFTY 50,19822.7,19843.3,19794.0,19772.65,217904144,20999.94
13-10-2023,NIFTY 50,19654.55,19805.4,19751.05,19635.3,254955979,24363.02
16-10-2023,NIFTY 50,19737.25,19781.3,19731.75,19691.85,180964341,14746.01
17-10-2023,NIFTY 50,19843.2,19849.75,19811.5,19775.65,185846716,16839.87
18-10-2023,NIFTY 50,19820.45,19840.95,19671.1,19659.95,198942937,18581.64
19-10-2023,NIFTY 50,19545.2,19681.8,19624.7,19512.35,230312163,23582.01
20-10-2023,NIFTY 50,19542.15,19593.8,19542.65,19518.7,198341255,17944.31
23-10-2023,NIFTY 50,19521.6,19556.85,19281.75,19257.85,176044288,16212.9
25-10-2023,NIFTY 50,19286.45,19347.3,19122.15,19074.15,225291741,19818.32
26-10-2023,NIFTY 50,19027.25,19041.7,18857.25,18837.85,300356469,28939.64
27-10-2023,NIFTY 50,18928.75,19076.15,19047.25,18926.65,205201044,19947.48
30-10-2023,NIFTY 50,19053.4,19158.5,19140.9,18940.0,180132492,17095.73
31-10-2023,NIFTY 50,19232.95,19233.7,19079.6,19056.45,206049341,19397.36
01-11-2023,NIFTY 50,19064.05,19096.05,18989.15,18973.7,194103279,18452.51
02-11-2023,NIFTY 50,19120.0,19175.25,19133.25,19064.15,245595109,19771.49
03-11-2023,NIFTY 50,19241.0,19276.25,19230.6,19210.9,189516123,17304.87
06-11-2023,NIFTY 50,19345.85,19423.0,19411.75,19309.7,180690631,16296.56
07-11-2023,NIFTY 50,19404.05,19423.5,19406.7,19329.1,198660124,18288.06
08-11-2023,NIFTY 50,19449.6,19464.4,19443.5,19401.5,194967997,17060.45
09-11-2023,NIFTY 50,19457.4,19463.9,19395.3,19378.35,208418472,19087.29
10-11-2023,NIFTY 50,19351.85,19451.3,19425.35,19329.45,152215785,12916.21
12-11-2023,NIFTY 50,19547.25,19547.25,19525.55,19510.25,37311902,2482.27
13-11-2023,NIFTY 50,19486.75,19494.4,19443.55,19414.75,189275733,13527.22
15-11-2023,NIFTY 50,19651.4,19693.2,19675.45,19579.65,291464988,24957.24
16-11-2023,NIFTY 50,19674.7,19875.25,19765.2,19627.0,282686669,26041.45
17-11-2023,NIFTY 50,19674.75,19806.0,19731.8,19667.45,236827462,21681.28
20-11-2023,NIFTY 50,19731.15,19756.45,19694.0,19670.5,173780543,16737.05
21-11-2023,NIFTY 50,19770.9,19829.1,19783.4,19754.05,194969012,17947.2
22-11-2023,NIFTY 50,19784.0,19825.55,19811.85,19703.85,184497984,17405.48
23-11-2023,NIFTY 50,19828.45,19875.15,19802.0,19786.75,170024085,15906.94
24-11-2023,NIFTY 50,19809.6,19832.85,19794.7,19768.85,145895044,14389.29
28-11-2023,NIFTY 50,19844.65,19916.85,19889.7,19800.0,229595031,23043.25
29-11-2023,NIFTY 50,19976.55,20104.65,20096.6,19956.3,236241768,22367.64
30-11-2023,NIFTY 50,20108.5,20158.7,20133.15,20015.85,486585349,48877.95
01-12-2023,NIFTY 50,20194.1,20291.55,20267.9,20183.7,265812566,22461.53
04-12-2023,NIFTY 50,20601.95,20702.65,20686.8,20507.75,381107418,33917.52
05-12-2023,NIFTY 50,20808.9,20864.05,20855.1,20711.15,421008350,41763.52
06-12-2023,NIFTY 50,20950.75,20961.95,20937.7,20852.15,359212958,35654.76
07-12-2023,NIFTY 50,20932.4,20941.25,20901.15,20850.8,274985308,24862.43
08-12-2023,NIFTY 50,20934.1,21006.1,20969.4,20862.7,292440768,27449.96
11-12-2023,NIFTY 50,20965.3,21026.1,20997.1,20923.7,212921451,21150.17
12-12-2023,NIFTY 50,21018.55,21037.9,20906.4,20867.15,244867128,25404.64
13-12-2023,NIFTY 50,20929.75,20950.0,20926.35,20769.5,260269318,25918.44
14-12-2023,NIFTY 50,21110.4,21210.9,21182.7,21074.45,334410589,32593.42
15-12-2023,NIFTY 50,21287.45,21492.3,21456.65,21235.3,508761756,50114.46
18-12-2023,NIFTY 50,21434.8,21482.8,21418.65,21365.35,249668965,23615.28
19-12-2023,NIFTY 50,21477.65,21505.05,21453.1,21337.75,249750062,23750.61
20-12-2023,NIFTY 50,21543.5,21593.0,21150.15,21087.35,363886229,30993.12
21-12-2023,NIFTY 50,21033.95,21288.35,21255.05,20976.8,277548079,26001.02
22-12-2023,NIFTY 50,21295.85,21390.5,21349.4,21232.45,284708918,27709.29
26-12-2023,NIFTY 50,21365.2,21477.15,21441.35,21329.45,219467748,20081.33
27-12-2023,NIFTY 50,21497.65,21675.75,21654.75,21495.8,256542963,23059.25
28-12-2023,NIFTY 50,21715.0,21801.45,21778.7,21678.0,393080755,35031.0
29-12-2023,NIFTY 50,21737.65,21770.3,21731.4,21676.9,270922276,23697.88
01-01-2024,NIFTY 50,21727.75,21834.35,21741.9,21680.85,153995217,14184.09
02-01-2024,NIFTY 50,21751.35,21755.6,21665.8,21555.65,263711568,25316.13
03-01-2024,NIFTY 50,21661.1,21677.0,21517.35,21500.35,311933117,32329.23
04-01-2024,NIFTY 50,21605.8,21685.65,21658.6,21564.55,339172697,30868.15
05-01-2024,NIFTY 50,21705.75,21749.6,21710.8,21629.2,309303266,26554.49
08-01-2024,NIFTY 50,21747.6,21763.95,21513.0,21492.9,231452935,21140.94
09-01-2024,NIFTY 50,21653.6,21724.45,21544.85,21517.85,228568589,24055.74
10-01-2024,NIFTY 50,21529.3,21641.85,21618.7,21448.65,216991926,20958.96
11-01-2024,NIFTY 50,21688.0,21726.5,21647.2,21593.75,212453866,23492.12
12-01-2024,NIFTY 50,21773.55,21928.25,21894.55,21715.15,294678459,30565.5
15-01-2024,NIFTY 50,22053.15,22115.55,22097.45,21963.55,345543523,29523.15
16-01-2024,NIFTY 50,22080.5,22124.15,22032.3,21969.8,292433764,24435.94
17-01-2024,NIFTY 50,21647.25,21851.5,21571.95,21550.45,455999867,47533.44
18-01-2024,NIFTY 50,21414.2,21539.4,21462.25,21285.55,387341268,39718.84
19-01-2024,NIFTY 50,21615.2,21670.6,21622.4,21575.0,343055124,34429.24
20-01-2024,NIFTY 50,21706.15,21720.3,21571.8,21541.8,162073740,13917.46
23-01-2024,NIFTY 50,21716.7,21750.25,21238.8,21192.6,449718534,48813.68
24-01-2024,NIFTY 50,21185.25,21482.35,21453.95,21137.2,407460664,41718.64
25-01-2024,NIFTY 50,21454.6,21459.0,21352.6,21247.05,418143077,40088.5
29-01-2024,NIFTY 50,21433.1,21763.25,21737.6,21429.6,376702289,34516.42
30-01-2024,NIFTY 50,21775.75,21813.05,21522.1,21501.8,375137333,32916.3
31-01-2024,NIFTY 50,21487.25,21741.35,21725.7,21448.85,410583065,41587.85
01-02-2024,NIFTY 50,21780.65,21832.95,21697.45,21658.75,332541208,34042.15
02-02-2024,NIFTY 50,21812.75,22126.8,21853.8,21805.55,442794738,38395.9
05-02-2024,NIFTY 50,21921.05,21964.3,21771.7,21726.95,440849699,33807.94
06-02-2024,NIFTY 50,21825.2,21951.4,21929.4,21737.55,370968111,32910.82
07-02-2024,NIFTY 50,22045.05,22053.3,21930.5,21860.15,346263704,30088.76
08-02-2024,NIFTY 50,22009.65,22011.05,21717.95,21665.3,491069786,41082.02
09-02-2024,NIFTY 50,21727.0,21804.45,21782.5,21629.9,349222850,31176.16
12-02-2024,NIFTY 50,21800.8,21831.7,21616.05,21574.75,287436165,23921.14
13-02-2024,NIFTY 50,21664.3,21766.8,21743.25,21543.35,365785766,29896.62
14-02-2024,NIFTY 50,21578.15,21870.85,21840.05,21530.2,359120861,32535.0
15-02-2024,NIFTY 50,21906.55,21953.85,21910.75,21794.8,345394395,29559.69
19-02-2024,NIFTY 50,22103.45,22186.65,22122.25,22021.05,218252325,21375.71
20-02-2024,NIFTY 50,22099.2,22215.6,22196.95,22045.85,295705319,26872.32
21-02-2024,NIFTY 50,22248.85,22249.4,22055.05,21997.95,364545679,29741.39
22-02-2024,NIFTY 50,22081.55,22252.5,22217.45,21875.25,343495136,33985.94
23-02-2024,NIFTY 50,22290.0,22297.5,22212.7,22186.1,225983194,24617.01
26-02-2024,NIFTY 50,22169.2,22202.15,22122.05,22075.15,207775504,20850.26
27-02-2024,NIFTY 50,22090.2,22218.25,22198.35,22085.65,252199186,24620.71
28-02-2024,NIFTY 50,22214.1,22229.15,21951.15,21915.85,202952371,20579.8
28-02-2024,NIFTY 50,22214.1,22229.15,21951.15,21915.85,202952371,20579.8
29-02-2024,NIFTY 50,21935.2,22060.55,21982.8,21860.65,360165824,40196.12
01-03-2024,NIFTY 50,22048.3,22353.3,22338.75,22047.75,351503075,29646.47
02-03-2024,NIFTY 50,22406.95,22419.55,22378.4,22367.05,35763814,1918.77
04-03-2024,NIFTY 50,22403.5,22440.9,22405.6,22358.3,298794435,23771.71
05-03-2024,NIFTY 50,22371.25,22416.9,22356.3,22269.15,296153036,29165.37
06-03-2024,NIFTY 50,22327.5,22497.2,22474.05,22224.35,312262560,31029.01
07-03-2024,NIFTY 50,22505.3,22525.65,22493.55,22430.0,379865142,33558.46
11-03-2024,NIFTY 50,22517.5,22526.6,22332.65,22307.25,277897373,27222.37
12-03-2024,NIFTY 50,22334.45,22452.55,22335.7,22256.0,299201167,29781.12
13-03-2024,NIFTY 50,22432.2,22446.75,21997.7,21905.65,493341697,40109.23
14-03-2024,NIFTY 50,21982.55,22204.6,22146.65,21917.5,426742460,37348.3
15-03-2024,NIFTY 50,22064.85,22120.9,22023.35,21931.7,661460455,60260.88
18-03-2024,NIFTY 50,21990.1,22123.7,22055.7,21916.55,356321519,23015.51
19-03-2024,NIFTY 50,21946.45,21978.3,21817.45,21793.1,344157465,30291.6
20-03-2024,NIFTY 50,21843.9,21930.9,21839.1,21710.2,312414696,28939.85
21-03-2024,NIFTY 50,21989.9,22080.95,22011.95,21941.3,353172434,31258.4
22-03-2024,NIFTY 50,21932.2,22180.7,22096.75,21883.3,388656439,39023.19
26-03-2024,NIFTY 50,21947.9,22073.2,22004.7,21947.55,328403719,33382.08
27-03-2024,NIFTY 50,22053.95,22193.6,22123.65,22052.85,409136866,38830.73
28-03-2024,NIFTY 50,22163.6,22516.0,22326.9,22163.6,407422815,45656.57
01-04-2024,NIFTY 50,22455.0,22529.95,22462.0,22427.75,243637071,21420.69
02-04-2024,NIFTY 50,22458.8,22497.6,22453.3,22388.15,289524237,27940.93
03-04-2024,NIFTY 50,22385.7,22521.1,22434.65,22346.5,309647491,30793.28
04-04-2024,NIFTY 50,22592.1,22619.0,22514.65,22303.8,400986156,40705.56
05-04-2024,NIFTY 50,22486.4,22537.6,22513.7,22427.6,242244731,24797.82
08-04-2024,NIFTY 50,22578.35,22697.3,22666.3,22550.35,227633561,22480.2
09-04-2024,NIFTY 50,22765.1,22768.4,22642.75,22612.25,232356772,21651.69
10-04-2024,NIFTY 50,22720.25,22775.7,22753.8,22673.7,276847931,25355.05
12-04-2024,NIFTY 50,22677.4,22726.45,22519.4,22503.75,357187778,36456.91
15-04-2024,NIFTY 50,22339.05,22427.45,22272.5,22259.55,355465814,29474.59
16-04-2024,NIFTY 50,22125.3,22213.75,22147.9,22079.45,317267066,28661.04
18-04-2024,NIFTY 50,22212.35,22326.5,21995.85,21961.7,456906707,43314.67
19-04-2024,NIFTY 50,21861.5,22179.55,22147.0,21777.65,362530569,36073.63
22-04-2024,NIFTY 50,22336.9,22375.65,22336.4,22198.15,279259571,26841.2
23-04-2024,NIFTY 50,22447.05,22447.55,22368.0,22349.45,231520813,25651.64
24-04-2024,NIFTY 50,22421.55,22476.45,22402.4,22384.0,235898642,21925.6
25-04-2024,NIFTY 50,22316.9,22625.95,22570.35,22305.25,475044740,53803.8
26-04-2024,NIFTY 50,22620.4,22620.4,22419.95,22385.55,329887340,36984.89
29-04-2024,NIFTY 50,22475.55,22655.8,22643.4,22441.9,291957361,32431.45
30-04-2024,NIFTY 50,22679.65,22783.35,22604.85,22568.4,361859375,38741.7
02-05-2024,NIFTY 50,22567.85,22710.5,22648.2,22567.85,445909456,43133.31
03-05-2024,NIFTY 50,22766.35,22794.7,22475.85,22348.05,438060727,44432.55
06-05-2024,NIFTY 50,22561.6,22588.8,22442.7,22409.45,320255789,33417.53
07-05-2024,NIFTY 50,22489.75,22499.05,22302.5,22232.05,297815469,31512.26
08-05-2024,NIFTY 50,22231.2,22368.65,22302.5,22185.2,277438692,29717.33
09-05-2024,NIFTY 50,22224.8,22307.75,21957.5,21932.4,331327454,37870.88
09-05-2024,NIFTY 50,22224.8,22307.75,21957.5,21932.4,331327454,37870.88
10-05-2024,NIFTY 50,21990.95,22131.3,22055.2,21950.3,265804411,28717.71
13-05-2024,NIFTY 50,22027.95,22131.65,22104.05,21821.05,278186886,29036.08
14-05-2024,NIFTY 50,22112.9,22270.05,22217.85,22081.25,230238941,23741.66
15-05-2024,NIFTY 50,22255.6,22297.55,22200.55,22151.75,231935478,23815.79
16-05-2024,NIFTY 50,22319.2,22432.25,22403.85,22054.55,368945092,38836.11
17-05-2024,NIFTY 50,22415.25,22502.15,22466.1,22345.65,242654570,27388.67
18-05-2024,NIFTY 50,22512.85,22520.25,22502.0,22470.05,19064566,1572.77
21-05-2024,NIFTY 50,22404.55,22591.1,22529.05,22404.55,347591587,30782.35
22-05-2024,NIFTY 50,22576.6,22629.5,22597.8,22483.15,290345590,28556.14
23-05-2024,NIFTY 50,22614.1,22993.6,22967.65,22577.45,369767547,39157.65
24-05-2024,NIFTY 50,22930.75,23026.4,22957.1,22908.0,261927120,27966.99
27-05-2024,NIFTY 50,23038.95,23110.8,22932.45,22871.2,260006078,27204.54
28-05-2024,NIFTY 50,22977.15,22998.55,22888.15,22858.5,217890750,23054.65
29-05-2024,NIFTY 50,22762.75,22825.5,22704.7,22685.45,269932784,27549.09
30-05-2024,NIFTY 50,22617.45,22705.75,22488.65,22417.0,373374457,32991.46
31-05-2024,NIFTY 50,22568.1,22653.75,22530.7,22465.1,572122639,67040.32
03-06-2024,NIFTY 50,23337.9,23338.7,23263.9,23062.3,569425569,56418.25
04-06-2024,NIFTY 50,23179.5,23179.5,21884.5,21281.45,1006105058,93786.44
05-06-2024,NIFTY 50,22128.35,22670.4,22620.35,21791.95,638487077,64326.85
06-06-2024,NIFTY 50,22798.6,22910.15,22821.4,22642.6,480413289,49047.39
07-06-2024,NIFTY 50,22821.85,23320.2,23290.15,22789.05,473554898,47621.54
10-06-2024,NIFTY 50,23319.15,23411.9,23259.2,23227.15,304392368,29060.4
11-06-2024,NIFTY 50,23283.75,23389.45,23264.85,23206.65,305185666,29190.91
12-06-2024,NIFTY 50,23344.45,23441.95,23322.95,23295.95,295630910,31795.48
13-06-2024,NIFTY 50,23480.95,23481.05,23398.9,23353.9,268279841,30151.67
14-06-2024,NIFTY 50,23464.95,23490.4,23465.6,23334.25,223086741,25746.34
18-06-2024,NIFTY 50,23570.8,23579.05,23557.9,23499.7,272207297,29389.75
19-06-2024,NIFTY 50,23629.85,23664.0,23516.0,23412.9,328811255,39430.39
20-06-2024,NIFTY 50,23586.15,23624.0,23567.0,23442.6,280336970,33390.07
21-06-2024,NIFTY 50,23661.15,23667.1,23501.1,23398.2,609877803,70062.97
21-06-2024,NIFTY 50,23661.15,23667.1,23501.1,23398.2,609877803,70062.97
24-06-2024,NIFTY 50,23382.3,23558.1,23537.85,23350.0,239358460,24862.37
25-06-2024,NIFTY 50,23577.1,23754.15,23721.3,23562.05,298111025,34263.36
26-06-2024,NIFTY 50,23723.1,23889.9,23868.8,23670.45,287824687,33979.62
27-06-2024,NIFTY 50,23881.55,24087.45,24044.5,23805.4,515227010,61216.71
28-06-2024,NIFTY 50,24085.9,24174.0,24010.6,23985.8,354779832,41242.87
01-07-2024,NIFTY 50,23992.95,24164.0,24141.95,23992.7,242468081,28204.06
02-07-2024,NIFTY 50,24228.75,24236.35,24123.85,24056.4,309629240,34838.65
03-07-2024,NIFTY 50,24291.75,24309.15,24286.5,24207.1,289201551,36661.17
04-07-2024,NIFTY 50,24369.95,24401.0,24302.15,24281.0,251189844,28466.6
05-07-2024,NIFTY 50,24213.35,24363.0,24323.85,24168.85,298381204,32052.48
08-07-2024,NIFTY 50,24329.45,24344.6,24320.55,24240.55,266299131,26356.03
09-07-2024,NIFTY 50,24351.0,24443.6,24433.2,24331.9,250537091,29361.08
10-07-2024,NIFTY 50,24459.85,24461.05,24324.45,24141.8,292263786,35358.54
11-07-2024,NIFTY 50,24396.55,24402.65,24315.95,24193.75,306404194,32115.44
12-07-2024,NIFTY 50,24387.95,24592.2,24502.15,24331.15,325823474,39565.33
15-07-2024,NIFTY 50,24587.6,24635.05,24586.7,24522.75,305395934,31593.04
16-07-2024,NIFTY 50,24615.9,24661.25,24613.0,24587.65,283212233,28668.71
18-07-2024,NIFTY 50,24543.8,24837.75,24800.85,24504.45,350924425,40477.17
19-07-2024,NIFTY 50,24853.8,24854.8,24530.9,24508.15,343772965,33588.08
22-07-2024,NIFTY 50,24445.75,24595.2,24509.25,24362.3,324190553,32496.23
23-07-2024,NIFTY 50,24568.9,24582.55,24479.05,24074.2,436408768,44921.42
24-07-2024,NIFTY 50,24444.95,24504.25,24413.5,24307.25,366616574,39538.11
25-07-2024,NIFTY 50,24230.95,24426.15,24406.1,24210.8,391821970,37853.62
25-07-2024,NIFTY 50,24230.95,24426.15,24406.1,24210.8,391821970,37853.62
26-07-2024,NIFTY 50,24423.35,24861.15,24834.85,24410.9,383826136,42118.36
29-07-2024,NIFTY 50,24943.3,24999.75,24836.1,24774.6,354966070,37102.92
30-07-2024,NIFTY 50,24839.4,24971.75,24857.3,24798.65,384989431,37576.58
31-07-2024,NIFTY 50,24886.7,24984.6,24951.15,24856.5,333646302,35411.32
01-08-2024,NIFTY 50,25030.95,25078.3,25010.9,24956.4,431313292,38822.9
02-08-2024,NIFTY 50,24789.0,24851.9,24717.7,24686.85,345027881,35368.54
05-08-2024,NIFTY 50,24302.85,24350.05,24055.6,23893.7,486994718,45066.65
06-08-2024,NIFTY 50,24189.85,24382.6,23992.55,23960.4,312339387,31553.65
07-08-2024,NIFTY 50,24289.4,24337.7,24297.5,24184.9,317564429,29738.85
08-08-2024,NIFTY 50,24248.55,24340.5,24117.0,24079.7,311875940,30858.18
09-08-2024,NIFTY 50,24386.85,24419.75,24367.5,24311.2,215129992,22339.19
12-08-2024,NIFTY 50,24320.05,24472.8,24347.0,24212.1,279925100,30311.85
13-08-2024,NIFTY 50,24342.35,24359.95,24139.0,24116.5,239727640,25459.58
14-08-2024,NIFTY 50,24184.4,24196.5,24143.75,24099.7,303254705,27834.61
16-08-2024,NIFTY 50,24334.85,24563.9,24541.15,24204.5,271611087,28521.9
19-08-2024,NIFTY 50,24636.35,24638.8,24572.65,24522.95,243645503,22124.41
20-08-2024,NIFTY 50,24648.9,24734.3,24698.85,24607.2,238318940,25478.73
21-08-2024,NIFTY 50,24680.55,24787.95,24770.2,24654.5,257114212,27404.63
22-08-2024,NIFTY 50,24863.4,24867.35,24811.5,24784.45,220345125,24227.03
23-08-2024,NIFTY 50,24845.4,24858.4,24823.15,24771.65,206800655,23134.22
26-08-2024,NIFTY 50,24906.1,25043.8,25010.6,24874.7,210266456,22166.86
27-08-2024,NIFTY 50,25024.8,25073.1,25017.75,24973.65,223346636,26695.0
28-08-2024,NIFTY 50,25030.8,25129.6,25052.35,24964.65,220419448,26994.19
29-08-2024,NIFTY 50,25035.3,25192.9,25151.95,24998.5,353993900,43221.73
30-08-2024,NIFTY 50,25249.7,25268.35,25235.9,25199.4,638166179,89554.91
02-09-2024,NIFTY 50,25333.6,25333.65,25278.7,25235.5,222815249,28187.71
02-09-2024,NIFTY 50,25333.6,25333.65,25278.7,25235.5,222815249,28187.71
03-09-2024,NIFTY 50,25313.4,25321.7,25279.85,25235.8,212131921,27276.14
04-09-2024,NIFTY 50,25089.95,25216.0,25198.7,25083.8,253788501,26293.35
05-09-2024,NIFTY 50,25250.5,25275.45,25145.1,25127.75,222242223,26272.38
06-09-2024,NIFTY 50,25093.7,25168.75,24852.15,24801.3,311671856,33001.17
09-09-2024,NIFTY 50,24823.4,24957.5,24936.4,24753.15,254367252,25180.28
10-09-2024,NIFTY 50,24999.4,25130.5,25041.1,24896.8,251274802,27846.31
11-09-2024,NIFTY 50,25034.0,25113.7,24918.45,24885.15,279229206,29395.73
12-09-2024,NIFTY 50,25059.65,25433.35,25388.9,24941.45,380069653,41747.91
13-09-2024,NIFTY 50,25430.45,25430.5,25356.5,25292.45,250781898,25530.69
16-09-2024,NIFTY 50,25406.65,25445.7,25383.75,25336.2,168694880,18705.01
17-09-2024,NIFTY 50,25416.9,25441.65,25418.55,25352.25,215956868,25280.83
18-09-2024,NIFTY 50,25402.4,25482.2,25377.55,25285.55,215727159,28832.0
19-09-2024,NIFTY 50,25487.05,25611.95,25415.8,25376.05,314461263,34389.27
20-09-2024,NIFTY 50,25525.95,25849.25,25790.95,25426.6,533067422,68915.27
23-09-2024,NIFTY 50,25872.55,25956.0,25939.05,25847.35,209187756,24825.74
24-09-2024,NIFTY 50,25921.45,26011.55,25940.4,25886.85,384115033,35573.63
25-09-2024,NIFTY 50,25899.45,26032.8,26004.15,25871.35,278540972,27868.08
26-09-2024,NIFTY 50,26005.4,26250.9,26216.05,25998.4,370895477,40838.36
27-09-2024,NIFTY 50,26248.25,26277.35,26178.95,26151.4,490332370,55420.63
30-09-2024,NIFTY 50,26061.3,26134.7,25810.85,25794.1,375370974,36028.06
01-10-2024,NIFTY 50,25788.45,25907.6,25796.9,25739.2,247423786,27473.29
03-10-2024,NIFTY 50,25452.85,25639.45,25250.1,25230.3,423395030,45689.5
04-10-2024,NIFTY 50,25181.9,25485.05,25014.6,24966.8,374914801,42719.71
07-10-2024,NIFTY 50,25084.1,25143.0,24795.75,24694.35,374345795,40550.24
08-10-2024,NIFTY 50,24832.2,25044.0,25013.15,24756.8,333220055,33493.36
09-10-2024,NIFTY 50,25065.8,25234.05,24981.95,24947.7,290562844,30877.63
10-10-2024,NIFTY 50,25067.05,25134.05,24998.45,24979.4,261364749,28046.45
11-10-2024,NIFTY 50,24985.3,25028.65,24964.25,24920.05,210462717,21734.97
14-10-2024,NIFTY 50,25023.45,25159.75,25127.95,25017.5,206423311,21270.9
15-10-2024,NIFTY 50,25186.3,25212.05,25057.35,25008.15,257228772,29113.88
16-10-2024,NIFTY 50,25008.55,25093.4,24971.3,24908.45,226774456,24115.83
17-10-2024,NIFTY 50,25027.4,25029.5,24749.85,24728.9,252755662,32606.34
18-10-2024,NIFTY 50,24664.95,24886.2,24854.05,24567.65,290855392,31772.76
21-10-2024,NIFTY 50,24956.15,24978.3,24781.1,24679.6,241978957,32207.22
22-10-2024,NIFTY 50,24798.65,24882.0,24472.1,24445.8,279484697,32801.59
23-10-2024,NIFTY 50,24378.15,24604.25,24435.5,24378.1,284556771,31928.1
24-10-2024,NIFTY 50,24412.7,24480.65,24399.4,24341.2,216686434,27817.66
25-10-2024,NIFTY 50,24418.05,24440.25,24180.8,24073.9,372642214,37068.91
28-10-2024,NIFTY 50,24251.1,24492.6,24339.15,24134.9,278562235,28136.06
29-10-2024,NIFTY 50,24328.85,24484.5,24466.85,24140.85,332044690,35579.48
30-10-2024,NIFTY 50,24371.45,24498.2,24340.85,24307.3,285196335,31068.7
31-10-2024,NIFTY 50,24349.85,24372.45,24205.35,24172.6,287007588,33403.89
01-11-2024,NIFTY 50,24302.75,24368.25,24304.35,24280.2,38811387,3348.45
04-11-2024,NIFTY 50,24315.75,24316.75,23995.35,23816.15,285531635,31561.52
05-11-2024,NIFTY 50,23916.5,24229.05,24213.3,23842.75,289511197,30074.77
06-11-2024,NIFTY 50,24308.75,24537.6,24484.05,24204.05,351082031,34108.84
07-11-2024,NIFTY 50,24489.6,24503.35,24199.35,24179.05,322185588,30971.89
08-11-2024,NIFTY 50,24207.7,24276.15,24148.2,24066.65,298725122,27670.3
11-11-2024,NIFTY 50,24087.25,24336.8,24141.3,24004.6,273370562,26600.28
12-11-2024,NIFTY 50,24225.8,24242.0,23883.45,23839.15,255825829,26852.73
13-11-2024,NIFTY 50,23822.45,23873.6,23559.05,23509.6,304569316,27765.81
14-11-2024,NIFTY 50,23542.15,23675.9,23532.7,23484.15,257708474,24814.37
18-11-2024,NIFTY 50,23605.3,23606.8,23453.8,23350.4,263311912,25257.33
19-11-2024,NIFTY 50,23529.55,23780.65,23518.5,23464.8,297477279,30486.78
21-11-2024,NIFTY 50,23488.45,23507.3,23349.9,23263.15,420332354,40900.89
22-11-2024,NIFTY 50,23411.8,23956.1,23907.25,23359.0,367562789,39257.52
25-11-2024,NIFTY 50,24253.55,24351.55,24221.9,24135.45,687172787,85975.81
26-11-2024,NIFTY 50,24343.3,24343.3,24194.5,24125.4,230691771,24140.67
27-11-2024,NIFTY 50,24204.8,24354.55,24274.9,24145.65,295011445,31149.09
28-11-2024,NIFTY 50,24274.15,24345.75,23914.15,23873.35,366745300,41198.27
29-11-2024,NIFTY 50,23927.15,24188.45,24131.1,23927.15,282104071,30509.98
02-12-2024,NIFTY 50,24140.85,24301.7,24276.05,24008.65,220384187,23162.75
03-12-2024,NIFTY 50,24367.5,24481.35,24457.15,24280.0,339470947,34228.3
04-12-2024,NIFTY 50,24488.75,24573.2,24467.45,24366.3,348003156,34639.78
05-12-2024,NIFTY 50,24539.15,24857.75,24708.4,24295.55,361469920,40471.33
06-12-2024,NIFTY 50,24729.45,24751.05,24677.8,24620.5,226731303,23904.13
09-12-2024,NIFTY 50,24633.9,24705.0,24619.0,24580.05,248139308,25099.79
10-12-2024,NIFTY 50,24652.65,24677.8,24610.05,24510.65,261048951,26093.38
11-12-2024,NIFTY 50,24620.5,24691.75,24641.8,24583.85,187252712,21592.23
12-12-2024,NIFTY 50,24604.45,24675.25,24548.7,24527.95,266051129,28235.17
13-12-2024,NIFTY 50,24498.35,24792.3,24768.3,24180.8,310080852,30429.73
16-12-2024,NIFTY 50,24753.4,24781.25,24668.25,24601.75,187551629,18608.23
17-12-2024,NIFTY 50,24584.8,24624.1,24336.0,24303.45,264881033,26765.16
18-12-2024,NIFTY 50,24297.95,24394.45,24198.85,24149.85,235346534,23315.92
19-12-2024,NIFTY 50,23877.15,24004.9,23951.7,23870.3,271128027,27815.23
20-12-2024,NIFTY 50,23960.7,24065.8,23587.5,23537.35,442714411,47084.68
23-12-2024,NIFTY 50,23738.2,23869.55,23753.45,23647.2,189758237,18243.28
24-12-2024,NIFTY 50,23769.1,23867.65,23727.65,23685.15,177664746,16010.71
26-12-2024,NIFTY 50,23775.8,23854.5,23750.2,23653.6,177681783,16695.1
27-12-2024,NIFTY 50,23801.4,23938.85,23813.4,23800.6,176821521,17164.99
30-12-2024,NIFTY 50,23796.9,23915.35,23644.9,23599.3,364929453,33823.95
31-12-2024,NIFTY 50,23560.6,23689.85,23644.8,23460.45,193627727,18646.79
01-01-2025,NIFTY 50,23637.65,23822.8,23742.9,23562.8,154921938,14266.26
02-01-2025,NIFTY 50,23783.0,24226.7,24188.65,23751.55,283200811,32237.25
03-01-2025,NIFTY 50,24196.4,24196.45,24004.75,23976.0,312279515,29411.99
06-01-2025,NIFTY 50,24045.8,24089.95,23616.05,23551.9,278061806,25853.64
07-01-2025,NIFTY 50,23679.9,23795.2,23707.9,23637.8,262337253,22485.65
08-01-2025,NIFTY 50,23746.65,23751.85,23688.95,23496.15,266375381,24718.54
09-01-2025,NIFTY 50,23674.75,23689.5,23526.5,23503.05,269239831,26793.85
10-01-2025,NIFTY 50,23551.9,23596.6,23431.5,23344.35,261022434,25017.6
13-01-2025,NIFTY 50,23195.4,23340.95,23085.95,23047.25,316481107,26890.37
14-01-2025,NIFTY 50,23165.9,23264.95,23176.05,23134.15,311235510,31174.05
15-01-2025,NIFTY 50,23250.45,23293.65,23213.2,23146.45,228039156,21587.78
16-01-2025,NIFTY 50,23377.25,23391.65,23311.8,23272.05,299416081,29784.82
17-01-2025,NIFTY 50,23277.1,23292.1,23203.2,23100.35,272945267,27040.78
20-01-2025,NIFTY 50,23290.4,23391.1,23344.75,23170.65,301455455,27333.97
21-01-2025,NIFTY 50,23421.65,23426.3,23024.65,22976.85,312871897,30106.72
22-01-2025,NIFTY 50,23099.15,23169.55,23155.35,22981.3,275951918,25462.05
23-01-2025,NIFTY 50,23128.3,23270.8,23205.35,23090.65,275558357,27723.78
24-01-2025,NIFTY 50,23183.9,23347.3,23092.2,23050.0,264336332,24412.46
27-01-2025,NIFTY 50,22940.15,23007.45,22829.15,22786.9,257372790,24202.41
28-01-2025,NIFTY 50,22960.45,23137.95,22957.25,22857.65,361868609,33221.8
29-01-2025,NIFTY 50,23026.75,23183.35,23163.1,22976.5,251208119,22307.38
30-01-2025,NIFTY 50,23169.5,23322.05,23249.5,23139.2,384687127,35252.87
31-01-2025,NIFTY 50,23296.75,23546.8,23508.4,23277.4,326919177,28638.01
01-02-2025,NIFTY 50,23528.6,23632.45,23482.15,23318.3,287703637,25741.04
